Multiple size <= 100
TEST 1 ARG:20 23 45 55 26 52 97 60 11 72 62 82 35 74 22 67 90 32 29 14 49 76 77 10 84 78 81 59 66 42 68 65 51 1 57 61 5 48 96 0 27 12 63 9 19 89 41 58 88 16 92 93 99 3 98 43 38 36 75 2 85 8 80 83 87 79 53 34 46 28 69 86 40 94 70 73 39 18 95 50 25 56 71 7 44 33 17 31 13 21 4 30 37 64 91 24 47 54 15 6 
TEST 1 ARG:20 23 45 55 26 52 97 60 11 72 62 82 35 74 22 67 90 32 29 14 49 76 77 10 84 78 81 59 66 42 68 65 51 1 57 61 5 48 96 0 27 12 63 9 19 89 41 58 88 16 92 93 99 3 98 43 38 36 75 2 85 8 80 83 87 79 53 34 46 28 69 86 40 94 70 73 39 18 95 50 25 56 71 7 44 33 17 31 13 21 4 30 37 64 91 24 47 54 15 6 
TEST 2 ARG:59 32 50 93 63 66 87 72 29 67 34 20 16 31 35 69 70 40 76 51 33 90 17 18 6 55 4 83 75 47 64 94 1 61 41 37 14 13 62 68 57 53 7 86 82 92 79 36 73 39 49 99 8 54 2 9 58 11 60 43 56 96 19 15 25 44 0 80 77 52 48 21 85 30 28 12 88 89 81 78 74 3 65 26 5 84 22 45 95 27 24 98 42 71 38 10 97 23 91 46 
TEST 2 ARG:59 32 50 93 63 66 87 72 29 67 34 20 16 31 35 69 70 40 76 51 33 90 17 18 6 55 4 83 75 47 64 94 1 61 41 37 14 13 62 68 57 53 7 86 82 92 79 36 73 39 49 99 8 54 2 9 58 11 60 43 56 96 19 15 25 44 0 80 77 52 48 21 85 30 28 12 88 89 81 78 74 3 65 26 5 84 22 45 95 27 24 98 42 71 38 10 97 23 91 46 
TEST 3 ARG:30 36 83 89 21 58 90 72 19 61 23 55 49 94 62 44 74 32 12 20 78 85 93 67 53 68 51 59 14 60 18 92 63 80 39 97 9 66 91 65 57 17 41 37 2 34 56 0 38 54 22 70 76 5 35 45 95 86 47 11 73 84 16 75 87 15 8 13 31 69 24 64 48 40 52 81 82 99 10 98 26 96 6 50 43 71 33 77 28 46 1 27 42 25 7 3 79 4 88 29 
TEST 3 ARG:30 36 83 89 21 58 90 72 19 61 23 55 49 94 62 44 74 32 12 20 78 85 93 67 53 68 51 59 14 60 18 92 63 80 39 97 9 66 91 65 57 17 41 37 2 34 56 0 38 54 22 70 76 5 35 45 95 86 47 11 73 84 16 75 87 15 8 13 31 69 24 64 48 40 52 81 82 99 10 98 26 96 6 50 43 71 33 77 28 46 1 27 42 25 7 3 79 4 88 29 
TEST 4 ARG:33 75 82 40 67 59 22 38 87 24 0 88 9 47 62 44 19 16 49 63 58 99 46 72 77 95 89 45 66 52 8 17 94 21 28 5 13 15 56 79 60 34 30 14 27 41 80 53 3 1 54 90 10 84 36 97 76 23 57 92 55 48 2 29 11 64 96 68 25 85 71 81 37 32 93 42 39 18 69 35 65 78 98 6 43 74 73 61 31 26 12 20 7 86 91 51 70 83 50 4 
TEST 4 ARG:33 75 82 40 67 59 22 38 87 24 0 88 9 47 62 44 19 16 49 63 58 99 46 72 77 95 89 45 66 52 8 17 94 21 28 5 13 15 56 79 60 34 30 14 27 41 80 53 3 1 54 90 10 84 36 97 76 23 57 92 55 48 2 29 11 64 96 68 25 85 71 81 37 32 93 42 39 18 69 35 65 78 98 6 43 74 73 61 31 26 12 20 7 86 91 51 70 83 50 4 
TEST 5 ARG:8 26 61 90 82 91 84 86 36 95 38 24 14 57 63 23 92 43 30 34 72 27 65 48 9 87 41 5 78 20 56 53 69 49 16 99 93 19 42 0 39 62 76 11 10 98 59 80 15 64 74 31 35 13 4 81 29 1 58 46 17 18 44 52 25 73 55 70 96 50 66 89 45 22 7 51 77 32 33 97 54 37 3 12 28 67 6 88 2 21 47 68 71 79 60 75 40 83 85 94 
TEST 5 ARG:8 26 61 90 82 91 84 86 36 95 38 24 14 57 63 23 92 43 30 34 72 27 65 48 9 87 41 5 78 20 56 53 69 49 16 99 93 19 42 0 39 62 76 11 10 98 59 80 15 64 74 31 35 13 4 81 29 1 58 46 17 18 44 52 25 73 55 70 96 50 66 89 45 22 7 51 77 32 33 97 54 37 3 12 28 67 6 88 2 21 47 68 71 79 60 75 40 83 85 94 
TEST 6 ARG:79 68 63 19 95 83 5 46 24 31 38 14 51 2 96 74 87 84 27 40 64 91 21 13 6 0 11 20 47 90 72 94 52 22 99 58 36 73 4 15 62 35 42 32 98 7 37 12 60 97 48 50 54 61 69 3 8 92 55 65 76 1 59 71 39 86 17 85 29 10 57 9 80 26 70 82 44 67 49 34 25 78 43 88 33 23 75 93 56 53 81 18 77 16 28 45 66 41 89 30 
TEST 6 ARG:79 68 63 19 95 83 5 46 24 31 38 14 51 2 96 74 87 84 27 40 64 91 21 13 6 0 11 20 47 90 72 94 52 22 99 58 36 73 4 15 62 35 42 32 98 7 37 12 60 97 48 50 54 61 69 3 8 92 55 65 76 1 59 71 39 86 17 85 29 10 57 9 80 26 70 82 44 67 49 34 25 78 43 88 33 23 75 93 56 53 81 18 77 16 28 45 66 41 89 30 
TEST 7 ARG:95 30 42 62 33 84 64 52 87 66 76 28 29 93 47 59 86 73 81 56 55 51 72 46 5 38 94 54 75 63 10 32 98 18 48 49 57 23 58 26 67 27 14 40 17 53 77 12 16 96 21 61 82 74 31 1 39 78 85 88 24 91 97 6 34 99 69 65 70 43 15 22 35 60 83 25 9 71 41 68 92 45 36 0 79 2 50 3 90 37 8 89 4 80 20 44 11 19 7 13 
TEST 7 ARG:95 30 42 62 33 84 64 52 87 66 76 28 29 93 47 59 86 73 81 56 55 51 72 46 5 38 94 54 75 63 10 32 98 18 48 49 57 23 58 26 67 27 14 40 17 53 77 12 16 96 21 61 82 74 31 1 39 78 85 88 24 91 97 6 34 99 69 65 70 43 15 22 35 60 83 25 9 71 41 68 92 45 36 0 79 2 50 3 90 37 8 89 4 80 20 44 11 19 7 13 
TEST 8 ARG:43 16 74 30 78 54 28 41 51 40 2 55 4 44 34 7 59 1 17 26 20 98 93 68 76 80 87 83 92 9 39 47 19 13 33 38 12 45 89 48 21 67 64 18 57 79 88 0 52 8 81 66 10 95 36 77 97 56 27 46 6 82 31 29 91 99 70 3 69 84 75 50 85 71 35 63 60 96 94 15 11 24 49 32 53 25 22 90 23 73 37 5 72 14 65 42 61 58 86 62 
TEST 8 ARG:43 16 74 30 78 54 28 41 51 40 2 55 4 44 34 7 59 1 17 26 20 98 93 68 76 80 87 83 92 9 39 47 19 13 33 38 12 45 89 48 21 67 64 18 57 79 88 0 52 8 81 66 10 95 36 77 97 56 27 46 6 82 31 29 91 99 70 3 69 84 75 50 85 71 35 63 60 96 94 15 11 24 49 32 53 25 22 90 23 73 37 5 72 14 65 42 61 58 86 62 
TEST 9 ARG:64 10 19 30 13 59 20 39 16 89 63 80 60 38 12 99 51 45 2 73 91 47 52 55 96 1 18 31 15 94 4 28 83 66 97 40 17 77 53 46 88 26 61 71 24 3 37 79 93 21 92 43 41 36 0 90 48 11 57 65 6 9 33 29 75 54 95 35 69 74 49 72 68 58 81 86 23 70 78 56 7 67 98 34 62 85 5 22 14 42 27 87 82 84 50 44 76 25 8 32 
TEST 9 ARG:64 10 19 30 13 59 20 39 16 89 63 80 60 38 12 99 51 45 2 73 91 47 52 55 96 1 18 31 15 94 4 28 83 66 97 40 17 77 53 46 88 26 61 71 24 3 37 79 93 21 92 43 41 36 0 90 48 11 57 65 6 9 33 29 75 54 95 35 69 74 49 72 68 58 81 86 23 70 78 56 7 67 98 34 62 85 5 22 14 42 27 87 82 84 50 44 76 25 8 32 
TEST 10 ARG:98 92 42 73 83 94 12 11 0 93 76 69 25 70 81 71 66 96 38 53 55 63 41 22 50 37 32 18 87 79 19 10 6 23 9 46 56 60 33 64 30 17 49 26 44 7 13 2 31 68 99 90 28 47 78 77 15 95 39 86 1 61 45 62 40 88 27 74 20 43 89 85 82 91 8 14 4 58 3 57 35 97 36 72 75 65 24 67 21 48 59 80 29 54 52 5 84 51 16 34 
TEST 10 ARG:98 92 42 73 83 94 12 11 0 93 76 69 25 70 81 71 66 96 38 53 55 63 41 22 50 37 32 18 87 79 19 10 6 23 9 46 56 60 33 64 30 17 49 26 44 7 13 2 31 68 99 90 28 47 78 77 15 95 39 86 1 61 45 62 40 88 27 74 20 43 89 85 82 91 8 14 4 58 3 57 35 97 36 72 75 65 24 67 21 48 59 80 29 54 52 5 84 51 16 34 
Multiple size <= 500
TEST 1 ARG:-73 206 182 -223 -99 11 -246 175 64 121 209 118 151 45 -233 -65 -131 -119 -32 146 -26 26 -109 -95 132 78 -17 46 165 40 -110 -100 -135 -59 -72 222 -237 -190 -217 33 199 -58 -226 131 96 32 59 -122 57 -213 -232 18 -103 72 149 -117 243 164 98 159 110 2 -44 130 -158 81 66 -113 147 -182 -192 -48 -97 120 -129 84 -29 -163 -191 100 189 -35 -200 51 -112 61 -221 160 181 0 -181 -41 234 107 -198 -248 141 -164 -126 201 -39 127 -225 -249 -207 -146 -125 -94 -169 -165 167 -214 56 -5 176 -227 227 -61 -234 3 195 87 35 -55 9 183 213 79 229 -36 171 -47 158 95 -30 39 -14 -242 249 -31 74 115 77 196 122 -115 -46 14 -1 -16 174 185 207 80 -43 25 -239 58 -175 50 219 138 -176 -222 -204 136 -19 237 37 205 -121 17 -152 -77 184 -21 -229 221 -62 67 -240 231 173 186 -50 225 -84 -20 -130 140 -27 126 -148 -87 154 -8 119 192 177 191 -81 99 -76 240 236 -67 -18 179 -105 -88 13 -116 214 232 223 31 -11 129 241 -123 -3 15 -209 70 -151 -142 -68 -179 230 -37 7 200 -195 -173 -208 187 -75 76 28 -178 -144 202 155 210 212 101 -219 170 -28 91 -118 19 -220 62 -98 -210 204 90 -205 194 -215 97 -71 94 -22 65 -24 -79 -102 112 -45 245 -174 -171 124 83 114 -236 -156 -86 -101 -206 168 -155 -138 -180 166 -82 -161 157 128 -70 10 -183 -189 85 105 144 153 -143 52 116 208 22 -201 -186 161 1 -188 63 -106 -134 180 -162 -80 142 44 -42 -231 16 -92 -52 68 235 224 -60 -57 226 -85 24 -166 -167 -120 47 -194 -139 54 -53 172 -211 71 215 239 4 -216 133 -177 109 218 5 -78 104 148 -141 228 -170 216 -69 34 53 -168 -9 -12 93 -89 -107 38 -140 -33 220 246 -2 60 117 197 203 125 -193 150 188 -149 145 27 -154 102 108 86 -250 -128 135 -203 88 -235 242 -196 -111 -56 48 -49 69 163 -137 6 244 -245 92 -238 -230 169 21 -13 -157 -224 -91 -197 103 -228 178 -185 55 156 -202 123 -15 -114 20 190 42 -136 134 82 -4 -23 -159 30 -40 49 137 -96 211 -212 -104 -199 -147 -7 -66 -108 106 -74 162 193 75 -150 -133 36 8 198 23 43 73 -153 -218 113 -63 233 -160 -34 -64 -54 -90 139 111 -10 -145 -241 -132 89 -244 -25 -243 143 -184 -38 -93 -124 238 -187 -127 -247 247 248 217 12 29 -6 -172 -83 41 -51 152 
TEST 1 ARG:-73 206 182 -223 -99 11 -246 175 64 121 209 118 151 45 -233 -65 -131 -119 -32 146 -26 26 -109 -95 132 78 -17 46 165 40 -110 -100 -135 -59 -72 222 -237 -190 -217 33 199 -58 -226 131 96 32 59 -122 57 -213 -232 18 -103 72 149 -117 243 164 98 159 110 2 -44 130 -158 81 66 -113 147 -182 -192 -48 -97 120 -129 84 -29 -163 -191 100 189 -35 -200 51 -112 61 -221 160 181 0 -181 -41 234 107 -198 -248 141 -164 -126 201 -39 127 -225 -249 -207 -146 -125 -94 -169 -165 167 -214 56 -5 176 -227 227 -61 -234 3 195 87 35 -55 9 183 213 79 229 -36 171 -47 158 95 -30 39 -14 -242 249 -31 74 115 77 196 122 -115 -46 14 -1 -16 174 185 207 80 -43 25 -239 58 -175 50 219 138 -176 -222 -204 136 -19 237 37 205 -121 17 -152 -77 184 -21 -229 221 -62 67 -240 231 173 186 -50 225 -84 -20 -130 140 -27 126 -148 -87 154 -8 119 192 177 191 -81 99 -76 240 236 -67 -18 179 -105 -88 13 -116 214 232 223 31 -11 129 241 -123 -3 15 -209 70 -151 -142 -68 -179 230 -37 7 200 -195 -173 -208 187 -75 76 28 -178 -144 202 155 210 212 101 -219 170 -28 91 -118 19 -220 62 -98 -210 204 90 -205 194 -215 97 -71 94 -22 65 -24 -79 -102 112 -45 245 -174 -171 124 83 114 -236 -156 -86 -101 -206 168 -155 -138 -180 166 -82 -161 157 128 -70 10 -183 -189 85 105 144 153 -143 52 116 208 22 -201 -186 161 1 -188 63 -106 -134 180 -162 -80 142 44 -42 -231 16 -92 -52 68 235 224 -60 -57 226 -85 24 -166 -167 -120 47 -194 -139 54 -53 172 -211 71 215 239 4 -216 133 -177 109 218 5 -78 104 148 -141 228 -170 216 -69 34 53 -168 -9 -12 93 -89 -107 38 -140 -33 220 246 -2 60 117 197 203 125 -193 150 188 -149 145 27 -154 102 108 86 -250 -128 135 -203 88 -235 242 -196 -111 -56 48 -49 69 163 -137 6 244 -245 92 -238 -230 169 21 -13 -157 -224 -91 -197 103 -228 178 -185 55 156 -202 123 -15 -114 20 190 42 -136 134 82 -4 -23 -159 30 -40 49 137 -96 211 -212 -104 -199 -147 -7 -66 -108 106 -74 162 193 75 -150 -133 36 8 198 23 43 73 -153 -218 113 -63 233 -160 -34 -64 -54 -90 139 111 -10 -145 -241 -132 89 -244 -25 -243 143 -184 -38 -93 -124 238 -187 -127 -247 247 248 217 12 29 -6 -172 -83 41 -51 152 
TEST 2 ARG:-115 101 219 -206 -60 238 67 -87 198 -58 -192 48 -34 53 187 4 167 -39 132 158 -144 -59 -55 87 181 -104 216 -90 166 -4 -54 -174 17 1 41 227 80 37 -223 -3 73 50 -97 -161 76 142 -141 140 -157 242 131 -140 110 -75 -165 -213 -129 -196 -49 173 -237 -40 127 141 -28 -150 -83 -126 -220 -51 185 -241 225 243 -70 182 -151 -52 39 -191 -198 245 75 151 21 -135 171 175 197 55 210 -20 129 -42 -88 211 -53 -110 88 -149 146 36 -234 12 202 165 178 -215 -93 120 -43 137 -243 -44 24 -195 22 196 -14 27 162 -71 115 45 52 -155 -121 -227 14 113 236 244 -183 -117 -204 179 28 -22 205 204 -25 -184 -208 70 -127 -99 -89 -177 -203 -143 -242 -56 -57 208 91 130 153 -139 42 82 117 -173 -35 32 18 136 -8 10 3 -238 72 2 59 -167 -19 184 -17 -29 114 112 170 156 122 -248 -189 51 -148 95 212 -38 -124 54 -152 -226 38 -186 235 200 26 96 -232 33 -26 -244 241 248 46 -159 -63 -145 90 -172 -72 116 190 194 224 -69 -182 81 206 -98 126 -229 108 -47 144 -239 192 -2 -100 -233 233 143 -142 83 139 147 -200 7 217 -132 109 -231 -214 -216 -221 154 234 89 9 -37 -12 161 -185 64 -86 -103 -146 -50 -181 100 -171 164 -92 160 92 -32 -106 220 188 145 6 65 -31 174 99 -120 -158 -9 -48 -136 56 -82 159 -137 -162 203 169 -199 -11 226 63 133 -13 -222 -30 -176 195 240 222 -166 -80 221 -10 -138 134 -15 149 74 229 -197 193 -61 -1 -112 -219 231 249 93 168 -180 119 -64 163 -107 -36 -163 123 44 -91 66 -74 31 13 -190 214 77 106 150 -81 -211 125 -193 -230 -73 85 199 -68 -79 -130 -207 62 -147 -85 -246 -240 138 16 -77 11 -170 176 180 -114 -247 -202 201 213 -67 -45 -164 -209 -122 -84 239 15 -111 84 -133 -78 -119 -5 40 107 -250 -201 104 -235 98 -194 155 -62 237 94 189 57 -212 -105 230 -102 5 -21 135 60 -125 29 43 -153 124 -116 -188 47 -187 -134 8 -205 97 -46 223 -18 207 -33 68 -94 -225 -23 246 118 -6 -65 -249 148 -131 128 218 35 -66 183 23 -76 -101 -96 -179 -128 152 -113 19 103 -123 -16 228 -175 -24 186 86 34 49 -236 -228 247 30 -156 -224 232 111 -108 -218 20 -95 -178 -217 -210 -27 -7 215 209 71 69 -245 191 78 61 121 79 -109 177 172 -168 102 157 -41 -154 -160 -169 -118 25 0 105 58 
TEST 2 ARG:-115 101 219 -206 -60 238 67 -87 198 -58 -192 48 -34 53 187 4 167 -39 132 158 -144 -59 -55 87 181 -104 216 -90 166 -4 -54 -174 17 1 41 227 80 37 -223 -3 73 50 -97 -161 76 142 -141 140 -157 242 131 -140 110 -75 -165 -213 -129 -196 -49 173 -237 -40 127 141 -28 -150 -83 -126 -220 -51 185 -241 225 243 -70 182 -151 -52 39 -191 -198 245 75 151 21 -135 171 175 197 55 210 -20 129 -42 -88 211 -53 -110 88 -149 146 36 -234 12 202 165 178 -215 -93 120 -43 137 -243 -44 24 -195 22 196 -14 27 162 -71 115 45 52 -155 -121 -227 14 113 236 244 -183 -117 -204 179 28 -22 205 204 -25 -184 -208 70 -127 -99 -89 -177 -203 -143 -242 -56 -57 208 91 130 153 -139 42 82 117 -173 -35 32 18 136 -8 10 3 -238 72 2 59 -167 -19 184 -17 -29 114 112 170 156 122 -248 -189 51 -148 95 212 -38 -124 54 -152 -226 38 -186 235 200 26 96 -232 33 -26 -244 241 248 46 -159 -63 -145 90 -172 -72 116 190 194 224 -69 -182 81 206 -98 126 -229 108 -47 144 -239 192 -2 -100 -233 233 143 -142 83 139 147 -200 7 217 -132 109 -231 -214 -216 -221 154 234 89 9 -37 -12 161 -185 64 -86 -103 -146 -50 -181 100 -171 164 -92 160 92 -32 -106 220 188 145 6 65 -31 174 99 -120 -158 -9 -48 -136 56 -82 159 -137 -162 203 169 -199 -11 226 63 133 -13 -222 -30 -176 195 240 222 -166 -80 221 -10 -138 134 -15 149 74 229 -197 193 -61 -1 -112 -219 231 249 93 168 -180 119 -64 163 -107 -36 -163 123 44 -91 66 -74 31 13 -190 214 77 106 150 -81 -211 125 -193 -230 -73 85 199 -68 -79 -130 -207 62 -147 -85 -246 -240 138 16 -77 11 -170 176 180 -114 -247 -202 201 213 -67 -45 -164 -209 -122 -84 239 15 -111 84 -133 -78 -119 -5 40 107 -250 -201 104 -235 98 -194 155 -62 237 94 189 57 -212 -105 230 -102 5 -21 135 60 -125 29 43 -153 124 -116 -188 47 -187 -134 8 -205 97 -46 223 -18 207 -33 68 -94 -225 -23 246 118 -6 -65 -249 148 -131 128 218 35 -66 183 23 -76 -101 -96 -179 -128 152 -113 19 103 -123 -16 228 -175 -24 186 86 34 49 -236 -228 247 30 -156 -224 232 111 -108 -218 20 -95 -178 -217 -210 -27 -7 215 209 71 69 -245 191 78 61 121 79 -109 177 172 -168 102 157 -41 -154 -160 -169 -118 25 0 105 58 
TEST 3 ARG:-192 -179 8 119 183 -236 139 95 -131 70 -26 -133 51 41 -183 -115 -95 147 -89 -18 120 170 101 -149 -98 -248 93 -50 99 89 -57 205 -222 149 68 122 -31 188 -225 -229 -6 178 248 31 -161 195 40 202 -72 -9 -77 -237 -219 138 -218 -122 229 -150 -157 -235 142 130 -233 132 247 -168 129 -112 -28 -227 -12 -171 -163 -230 84 -134 127 82 238 225 27 -65 -137 103 -90 -210 7 169 -15 -113 72 189 -186 141 -155 -96 -82 -108 176 180 233 232 123 -197 43 88 -118 197 -147 73 114 80 -164 166 -193 22 -124 -211 -228 90 -148 163 -198 172 6 -14 -81 -206 182 223 241 125 228 165 112 -126 -106 66 61 -245 102 242 78 -182 -223 218 -166 38 219 -176 173 -175 240 21 30 -125 -249 237 131 18 137 201 -7 236 -215 -250 148 191 -21 108 -51 -40 4 221 46 -54 -244 -52 133 -221 -74 216 100 42 -71 79 136 -25 198 -76 57 -213 -177 -29 -35 3 91 190 -226 193 146 199 -170 74 -78 85 77 204 -136 -22 56 -130 156 48 -84 -75 -224 -173 -62 32 -92 -4 -132 150 -202 -194 -110 210 29 -143 -120 -184 -117 215 217 -152 97 -160 -34 105 -185 12 -205 244 161 -11 25 121 194 -234 159 1 -127 -86 145 -32 -196 207 16 -158 151 -146 239 226 126 185 186 -169 17 33 -56 -208 212 -2 9 37 -19 -190 115 -243 179 -16 177 -85 192 155 83 -240 213 144 36 -88 54 52 196 -80 -145 143 49 -247 214 -200 -181 62 -41 246 -8 -94 222 -23 59 76 -167 200 124 -39 71 153 -17 63 -165 -111 231 -27 211 -97 111 -142 92 -220 154 -42 39 -199 -107 -67 -203 -121 -64 -140 -195 -70 -105 55 58 -68 106 -242 235 -159 206 -79 174 96 140 -238 -151 -37 64 -59 -13 -36 -231 243 75 -246 -104 164 116 11 15 -119 203 134 -100 -201 -172 209 -187 -48 -61 -232 69 23 5 157 -156 118 -33 -217 -24 -212 171 28 208 -162 -109 -44 -69 19 -87 87 -47 13 -5 -129 -60 -38 -241 -114 -66 60 35 158 67 -63 117 -116 -207 230 -45 -128 86 -141 24 -43 220 45 109 -30 -58 128 -138 -93 94 10 -209 26 50 -135 -178 -153 14 224 -103 65 -10 -1 168 -154 -91 234 -180 -46 -216 -101 175 -73 47 227 184 162 -49 -188 44 -55 160 110 -53 -189 -3 -204 -191 107 135 152 -123 -174 249 104 -144 -102 181 98 -20 -214 -83 2 -139 167 0 81 -239 -99 34 20 53 113 187 245 
TEST 3 ARG:-192 -179 8 119 183 -236 139 95 -131 70 -26 -133 51 41 -183 -115 -95 147 -89 -18 120 170 101 -149 -98 -248 93 -50 99 89 -57 205 -222 149 68 122 -31 188 -225 -229 -6 178 248 31 -161 195 40 202 -72 -9 -77 -237 -219 138 -218 -122 229 -150 -157 -235 142 130 -233 132 247 -168 129 -112 -28 -227 -12 -171 -163 -230 84 -134 127 82 238 225 27 -65 -137 103 -90 -210 7 169 -15 -113 72 189 -186 141 -155 -96 -82 -108 176 180 233 232 123 -197 43 88 -118 197 -147 73 114 80 -164 166 -193 22 -124 -211 -228 90 -148 163 -198 172 6 -14 -81 -206 182 223 241 125 228 165 112 -126 -106 66 61 -245 102 242 78 -182 -223 218 -166 38 219 -176 173 -175 240 21 30 -125 -249 237 131 18 137 201 -7 236 -215 -250 148 191 -21 108 -51 -40 4 221 46 -54 -244 -52 133 -221 -74 216 100 42 -71 79 136 -25 198 -76 57 -213 -177 -29 -35 3 91 190 -226 193 146 199 -170 74 -78 85 77 204 -136 -22 56 -130 156 48 -84 -75 -224 -173 -62 32 -92 -4 -132 150 -202 -194 -110 210 29 -143 -120 -184 -117 215 217 -152 97 -160 -34 105 -185 12 -205 244 161 -11 25 121 194 -234 159 1 -127 -86 145 -32 -196 207 16 -158 151 -146 239 226 126 185 186 -169 17 33 -56 -208 212 -2 9 37 -19 -190 115 -243 179 -16 177 -85 192 155 83 -240 213 144 36 -88 54 52 196 -80 -145 143 49 -247 214 -200 -181 62 -41 246 -8 -94 222 -23 59 76 -167 200 124 -39 71 153 -17 63 -165 -111 231 -27 211 -97 111 -142 92 -220 154 -42 39 -199 -107 -67 -203 -121 -64 -140 -195 -70 -105 55 58 -68 106 -242 235 -159 206 -79 174 96 140 -238 -151 -37 64 -59 -13 -36 -231 243 75 -246 -104 164 116 11 15 -119 203 134 -100 -201 -172 209 -187 -48 -61 -232 69 23 5 157 -156 118 -33 -217 -24 -212 171 28 208 -162 -109 -44 -69 19 -87 87 -47 13 -5 -129 -60 -38 -241 -114 -66 60 35 158 67 -63 117 -116 -207 230 -45 -128 86 -141 24 -43 220 45 109 -30 -58 128 -138 -93 94 10 -209 26 50 -135 -178 -153 14 224 -103 65 -10 -1 168 -154 -91 234 -180 -46 -216 -101 175 -73 47 227 184 162 -49 -188 44 -55 160 110 -53 -189 -3 -204 -191 107 135 152 -123 -174 249 104 -144 -102 181 98 -20 -214 -83 2 -139 167 0 81 -239 -99 34 20 53 113 187 245 
TEST 4 ARG:-121 -8 -15 129 174 -84 -59 -221 31 -30 -189 75 -18 -192 -219 160 -205 35 -72 189 235 210 131 58 245 -7 193 224 97 -79 -95 -23 -9 -87 71 -204 43 -35 -10 124 -227 -235 -167 -26 -81 243 217 228 -175 -125 -220 -153 209 -179 191 26 8 17 206 -210 229 73 -19 -96 -229 239 78 -144 34 51 -217 96 -241 142 107 230 63 -42 -116 47 60 -101 0 -17 188 -232 202 -68 -243 164 -209 100 -110 89 -4 110 161 242 -21 83 -52 146 171 -82 -188 141 -14 80 -88 135 -228 140 -157 -39 197 -231 105 237 219 225 67 -111 69 5 -218 -197 -141 54 -78 -184 180 -139 -225 53 56 -199 -135 167 218 -136 -148 65 -202 66 -236 133 -145 212 -207 125 -240 117 -191 246 -103 137 -31 -25 -233 127 157 -107 216 -20 -62 -162 87 -147 183 -74 -151 211 -119 190 -69 -137 179 9 -208 247 -150 139 61 -195 101 28 -226 94 -108 -56 -104 -143 -43 1 149 104 98 234 -112 199 -249 -29 86 156 74 95 159 30 -114 27 134 7 -149 150 50 -80 144 37 57 138 -22 -134 122 77 -161 -186 41 236 44 -155 155 -193 62 99 21 -176 -158 172 231 108 -73 -117 55 -185 -2 115 -113 195 -93 -206 109 6 -131 -170 -183 -109 20 175 -45 -94 85 185 -159 -211 178 227 -138 182 68 -67 220 244 93 40 13 -222 -37 42 91 82 -58 24 -98 -54 -156 -70 177 -198 -242 106 -90 184 208 -190 221 165 -132 -36 148 -213 143 -66 -166 19 -250 249 233 -180 -194 4 194 -174 215 103 -48 -77 -177 153 -124 -196 152 -163 16 -57 114 223 -168 38 64 -41 -246 2 -50 -142 -49 -133 -33 145 88 -92 241 -55 201 222 204 92 -122 151 -120 226 -32 205 118 169 -224 -46 -34 -99 -247 112 -127 45 -51 -214 -13 -5 -28 186 -234 -83 170 81 -244 130 168 -85 -187 -115 158 46 70 181 -38 -106 -140 -178 120 -245 200 -239 -215 -16 -1 -171 192 132 -53 -230 -172 166 -100 -97 121 136 -126 72 10 23 -6 -71 163 198 29 59 147 3 -164 -44 187 -238 -64 -105 248 84 -60 196 162 12 232 126 -248 14 52 -146 15 -91 -61 207 -154 -63 25 48 111 173 -212 102 -118 -89 -65 154 119 18 -12 -40 113 -128 22 -203 214 -216 123 -201 -129 -24 238 -165 76 -47 176 -181 -182 32 213 -11 116 240 36 128 49 -237 -173 -123 39 33 -152 -27 -130 79 -223 90 -3 -76 11 -102 203 -160 -169 -200 -75 -86 
TEST 4 ARG:-121 -8 -15 129 174 -84 -59 -221 31 -30 -189 75 -18 -192 -219 160 -205 35 -72 189 235 210 131 58 245 -7 193 224 97 -79 -95 -23 -9 -87 71 -204 43 -35 -10 124 -227 -235 -167 -26 -81 243 217 228 -175 -125 -220 -153 209 -179 191 26 8 17 206 -210 229 73 -19 -96 -229 239 78 -144 34 51 -217 96 -241 142 107 230 63 -42 -116 47 60 -101 0 -17 188 -232 202 -68 -243 164 -209 100 -110 89 -4 110 161 242 -21 83 -52 146 171 -82 -188 141 -14 80 -88 135 -228 140 -157 -39 197 -231 105 237 219 225 67 -111 69 5 -218 -197 -141 54 -78 -184 180 -139 -225 53 56 -199 -135 167 218 -136 -148 65 -202 66 -236 133 -145 212 -207 125 -240 117 -191 246 -103 137 -31 -25 -233 127 157 -107 216 -20 -62 -162 87 -147 183 -74 -151 211 -119 190 -69 -137 179 9 -208 247 -150 139 61 -195 101 28 -226 94 -108 -56 -104 -143 -43 1 149 104 98 234 -112 199 -249 -29 86 156 74 95 159 30 -114 27 134 7 -149 150 50 -80 144 37 57 138 -22 -134 122 77 -161 -186 41 236 44 -155 155 -193 62 99 21 -176 -158 172 231 108 -73 -117 55 -185 -2 115 -113 195 -93 -206 109 6 -131 -170 -183 -109 20 175 -45 -94 85 185 -159 -211 178 227 -138 182 68 -67 220 244 93 40 13 -222 -37 42 91 82 -58 24 -98 -54 -156 -70 177 -198 -242 106 -90 184 208 -190 221 165 -132 -36 148 -213 143 -66 -166 19 -250 249 233 -180 -194 4 194 -174 215 103 -48 -77 -177 153 -124 -196 152 -163 16 -57 114 223 -168 38 64 -41 -246 2 -50 -142 -49 -133 -33 145 88 -92 241 -55 201 222 204 92 -122 151 -120 226 -32 205 118 169 -224 -46 -34 -99 -247 112 -127 45 -51 -214 -13 -5 -28 186 -234 -83 170 81 -244 130 168 -85 -187 -115 158 46 70 181 -38 -106 -140 -178 120 -245 200 -239 -215 -16 -1 -171 192 132 -53 -230 -172 166 -100 -97 121 136 -126 72 10 23 -6 -71 163 198 29 59 147 3 -164 -44 187 -238 -64 -105 248 84 -60 196 162 12 232 126 -248 14 52 -146 15 -91 -61 207 -154 -63 25 48 111 173 -212 102 -118 -89 -65 154 119 18 -12 -40 113 -128 22 -203 214 -216 123 -201 -129 -24 238 -165 76 -47 176 -181 -182 32 213 -11 116 240 36 128 49 -237 -173 -123 39 33 -152 -27 -130 79 -223 90 -3 -76 11 -102 203 -160 -169 -200 -75 -86 
TEST 5 ARG:40 -115 238 -224 -231 -123 -77 225 -177 -43 35 172 232 -48 80 74 -30 2 -230 -110 114 -143 -92 19 -101 95 132 169 -114 11 -32 -130 -73 145 130 179 -181 38 -19 -34 93 146 -103 68 -15 157 230 -36 -142 101 56 -164 -160 -69 -132 173 90 -56 -124 109 82 -61 235 -113 -120 147 -161 -23 201 -27 139 -227 70 89 -222 -37 239 158 -192 141 -117 184 193 216 87 204 -202 218 -154 -163 118 -204 13 164 -248 -207 107 -206 -22 -122 -9 -83 64 117 -98 -247 -105 229 208 195 -138 -179 -176 -16 200 -140 -71 -234 -86 140 -173 245 21 -82 202 73 -210 15 187 -108 -187 177 248 50 75 182 94 -243 168 -87 -233 61 23 220 249 51 153 227 -104 -175 -91 167 -199 196 160 137 -191 -26 155 228 22 -221 213 48 150 -131 72 -149 66 -96 -152 211 -165 212 -198 18 161 -218 -52 210 -168 163 241 -213 -249 -167 -116 -153 -216 -235 -133 85 -11 -38 -137 -58 224 -190 -8 -212 156 243 -166 20 112 97 84 25 69 -84 166 246 -169 -78 104 91 17 -195 -119 81 174 27 -10 -194 124 221 100 -196 136 45 240 30 -20 34 86 -39 -174 -246 -145 36 -97 -100 171 78 -102 -208 231 12 -126 127 -40 41 26 -42 105 103 83 -184 205 -29 -245 42 119 -57 -217 52 131 79 180 -158 189 -17 -74 162 10 -72 190 -41 110 33 16 244 -106 126 -226 67 -197 -81 129 -129 31 -75 -141 197 -178 -136 -180 -31 128 -250 -147 -193 -244 -236 -60 -242 -65 -150 96 29 -3 -50 -237 223 -170 99 -188 -209 148 138 -35 63 102 188 -118 -68 192 -112 154 -62 -171 181 7 -88 -99 -155 37 -47 32 5 -66 -45 -107 1 186 151 143 133 -1 -94 8 98 135 -172 175 -200 234 -125 -215 43 -229 -6 -46 116 -80 113 -146 -33 -51 185 199 28 -5 -76 -144 191 -228 -127 152 57 -182 65 144 -214 -185 -183 121 -44 -148 -18 122 -95 -211 71 -4 -225 -53 -156 215 0 142 -79 -232 198 219 222 58 -240 -205 236 -135 149 -238 -14 62 123 49 6 -189 -239 -59 -201 3 -25 92 55 233 -70 -49 170 59 -109 111 24 207 76 4 -121 -93 -2 159 53 108 -241 44 -159 134 -13 176 237 194 88 -64 -219 -24 -139 217 39 -111 47 125 -223 115 -90 -151 -203 226 -128 -89 -162 214 206 -63 242 -85 183 77 -7 46 -54 60 203 106 9 -55 -157 -134 -12 165 247 -186 -67 178 -220 209 14 -21 -28 54 120 
TEST 5 ARG:40 -115 238 -224 -231 -123 -77 225 -177 -43 35 172 232 -48 80 74 -30 2 -230 -110 114 -143 -92 19 -101 95 132 169 -114 11 -32 -130 -73 145 130 179 -181 38 -19 -34 93 146 -103 68 -15 157 230 -36 -142 101 56 -164 -160 -69 -132 173 90 -56 -124 109 82 -61 235 -113 -120 147 -161 -23 201 -27 139 -227 70 89 -222 -37 239 158 -192 141 -117 184 193 216 87 204 -202 218 -154 -163 118 -204 13 164 -248 -207 107 -206 -22 -122 -9 -83 64 117 -98 -247 -105 229 208 195 -138 -179 -176 -16 200 -140 -71 -234 -86 140 -173 245 21 -82 202 73 -210 15 187 -108 -187 177 248 50 75 182 94 -243 168 -87 -233 61 23 220 249 51 153 227 -104 -175 -91 167 -199 196 160 137 -191 -26 155 228 22 -221 213 48 150 -131 72 -149 66 -96 -152 211 -165 212 -198 18 161 -218 -52 210 -168 163 241 -213 -249 -167 -116 -153 -216 -235 -133 85 -11 -38 -137 -58 224 -190 -8 -212 156 243 -166 20 112 97 84 25 69 -84 166 246 -169 -78 104 91 17 -195 -119 81 174 27 -10 -194 124 221 100 -196 136 45 240 30 -20 34 86 -39 -174 -246 -145 36 -97 -100 171 78 -102 -208 231 12 -126 127 -40 41 26 -42 105 103 83 -184 205 -29 -245 42 119 -57 -217 52 131 79 180 -158 189 -17 -74 162 10 -72 190 -41 110 33 16 244 -106 126 -226 67 -197 -81 129 -129 31 -75 -141 197 -178 -136 -180 -31 128 -250 -147 -193 -244 -236 -60 -242 -65 -150 96 29 -3 -50 -237 223 -170 99 -188 -209 148 138 -35 63 102 188 -118 -68 192 -112 154 -62 -171 181 7 -88 -99 -155 37 -47 32 5 -66 -45 -107 1 186 151 143 133 -1 -94 8 98 135 -172 175 -200 234 -125 -215 43 -229 -6 -46 116 -80 113 -146 -33 -51 185 199 28 -5 -76 -144 191 -228 -127 152 57 -182 65 144 -214 -185 -183 121 -44 -148 -18 122 -95 -211 71 -4 -225 -53 -156 215 0 142 -79 -232 198 219 222 58 -240 -205 236 -135 149 -238 -14 62 123 49 6 -189 -239 -59 -201 3 -25 92 55 233 -70 -49 170 59 -109 111 24 207 76 4 -121 -93 -2 159 53 108 -241 44 -159 134 -13 176 237 194 88 -64 -219 -24 -139 217 39 -111 47 125 -223 115 -90 -151 -203 226 -128 -89 -162 214 206 -63 242 -85 183 77 -7 46 -54 60 203 106 9 -55 -157 -134 -12 165 247 -186 -67 178 -220 209 14 -21 -28 54 120 
TEST 6 ARG:-208 -158 -241 237 -98 -123 29 -139 -227 161 -189 204 227 -195 -209 -91 -185 -103 -20 73 -100 -224 -216 35 -149 191 148 -147 -6 -191 -114 156 175 222 -13 49 -135 -49 27 140 159 46 -46 -45 -225 -146 -246 96 134 233 -33 -183 -127 176 -9 -24 -198 -222 234 239 -54 221 -196 -115 102 214 95 246 -148 113 56 -109 207 -221 9 -207 138 5 -229 203 -61 36 -151 110 -44 83 -249 225 -165 -188 -174 -223 -219 108 -204 -16 -93 -32 21 10 -62 -83 247 -15 -242 232 -134 -145 54 166 23 -22 177 180 229 244 115 105 -92 196 154 -57 -230 167 179 -175 170 3 -18 -239 -234 -214 70 84 26 -215 199 -10 -78 13 -240 -231 -126 -42 141 230 121 -180 31 226 -201 158 81 139 -168 97 194 208 87 -177 -19 92 -244 212 76 51 -119 64 7 -97 -11 19 40 242 112 16 99 174 188 -218 77 129 75 8 -77 217 164 -192 -38 104 -67 -131 211 48 -144 149 -170 223 89 -69 -102 -87 -79 -31 25 213 -17 -142 -117 -85 -245 245 45 -155 -217 -197 116 193 -86 224 2 -5 91 58 -212 -248 -247 -137 -211 -156 59 -110 18 88 -80 47 -152 -182 236 162 151 216 163 -41 0 -162 -3 -194 -23 178 -58 -206 -173 -26 55 -71 90 -55 30 248 4 50 -35 -129 -89 -184 181 -186 155 -95 17 -235 -56 -48 -59 210 -203 41 -210 -122 -237 145 32 111 -160 238 33 -132 160 184 24 28 71 -104 185 206 -181 -113 205 -28 68 -157 67 1 198 -21 -88 86 62 66 132 -128 202 -37 241 -199 173 98 117 72 20 136 -84 69 106 -167 -118 -96 135 -8 60 152 -232 -220 -233 197 186 -25 -47 -7 37 -133 -136 -2 82 -121 42 -40 63 165 -130 -70 114 -65 119 147 -76 52 74 -68 -238 157 -60 103 -105 -82 -66 127 168 -112 -124 -140 61 -74 -176 -172 228 -14 100 -99 43 -107 -202 -141 215 123 169 101 79 171 183 -94 231 -63 -50 -226 -161 201 131 53 125 182 -51 249 -153 80 94 -29 -125 192 6 -200 126 -90 219 12 209 -190 -159 -34 -193 -187 93 -1 -27 146 130 38 128 -143 14 124 -12 -116 143 189 -138 137 65 240 -250 -169 172 -53 -43 235 39 -64 -243 220 -213 11 120 -75 -171 57 -205 200 142 -120 -101 144 -111 190 -36 78 153 107 -106 109 -163 218 -4 -228 133 -30 -108 -150 187 -73 -164 -178 -179 22 -154 -39 -236 -52 122 -72 150 85 15 195 243 -81 44 34 -166 118 
TEST 6 ARG:-208 -158 -241 237 -98 -123 29 -139 -227 161 -189 204 227 -195 -209 -91 -185 -103 -20 73 -100 -224 -216 35 -149 191 148 -147 -6 -191 -114 156 175 222 -13 49 -135 -49 27 140 159 46 -46 -45 -225 -146 -246 96 134 233 -33 -183 -127 176 -9 -24 -198 -222 234 239 -54 221 -196 -115 102 214 95 246 -148 113 56 -109 207 -221 9 -207 138 5 -229 203 -61 36 -151 110 -44 83 -249 225 -165 -188 -174 -223 -219 108 -204 -16 -93 -32 21 10 -62 -83 247 -15 -242 232 -134 -145 54 166 23 -22 177 180 229 244 115 105 -92 196 154 -57 -230 167 179 -175 170 3 -18 -239 -234 -214 70 84 26 -215 199 -10 -78 13 -240 -231 -126 -42 141 230 121 -180 31 226 -201 158 81 139 -168 97 194 208 87 -177 -19 92 -244 212 76 51 -119 64 7 -97 -11 19 40 242 112 16 99 174 188 -218 77 129 75 8 -77 217 164 -192 -38 104 -67 -131 211 48 -144 149 -170 223 89 -69 -102 -87 -79 -31 25 213 -17 -142 -117 -85 -245 245 45 -155 -217 -197 116 193 -86 224 2 -5 91 58 -212 -248 -247 -137 -211 -156 59 -110 18 88 -80 47 -152 -182 236 162 151 216 163 -41 0 -162 -3 -194 -23 178 -58 -206 -173 -26 55 -71 90 -55 30 248 4 50 -35 -129 -89 -184 181 -186 155 -95 17 -235 -56 -48 -59 210 -203 41 -210 -122 -237 145 32 111 -160 238 33 -132 160 184 24 28 71 -104 185 206 -181 -113 205 -28 68 -157 67 1 198 -21 -88 86 62 66 132 -128 202 -37 241 -199 173 98 117 72 20 136 -84 69 106 -167 -118 -96 135 -8 60 152 -232 -220 -233 197 186 -25 -47 -7 37 -133 -136 -2 82 -121 42 -40 63 165 -130 -70 114 -65 119 147 -76 52 74 -68 -238 157 -60 103 -105 -82 -66 127 168 -112 -124 -140 61 -74 -176 -172 228 -14 100 -99 43 -107 -202 -141 215 123 169 101 79 171 183 -94 231 -63 -50 -226 -161 201 131 53 125 182 -51 249 -153 80 94 -29 -125 192 6 -200 126 -90 219 12 209 -190 -159 -34 -193 -187 93 -1 -27 146 130 38 128 -143 14 124 -12 -116 143 189 -138 137 65 240 -250 -169 172 -53 -43 235 39 -64 -243 220 -213 11 120 -75 -171 57 -205 200 142 -120 -101 144 -111 190 -36 78 153 107 -106 109 -163 218 -4 -228 133 -30 -108 -150 187 -73 -164 -178 -179 22 -154 -39 -236 -52 122 -72 150 85 15 195 243 -81 44 34 -166 118 
TEST 7 ARG:125 43 -126 116 -103 113 -137 -130 120 6 15 4 -11 -229 151 -213 -33 51 115 -150 -105 -166 -174 48 -22 -149 -21 88 173 105 34 -133 28 -52 -98 53 123 -34 229 141 -64 189 -207 84 121 162 31 149 218 23 -187 -131 24 -224 153 136 -24 -189 -120 161 137 197 -218 29 -16 8 20 -220 145 -14 159 -9 232 -113 236 -216 -94 205 211 122 -249 64 -86 -110 83 213 95 170 -178 -157 14 -240 118 90 140 -164 -89 -134 13 -221 -243 -236 231 134 57 -71 38 169 -190 143 138 -212 109 206 99 -230 -27 -91 10 184 -35 -210 -124 -206 -127 -140 30 196 97 -10 158 -192 -138 -23 87 47 -37 248 245 139 202 -73 188 17 -80 100 -179 -222 -247 127 -165 37 190 -232 52 -162 92 -211 186 212 -12 45 -41 -168 -159 25 -119 -217 -154 209 81 7 -93 -125 -75 -99 35 -146 91 131 175 219 -66 93 242 58 -184 129 -173 187 -63 -160 237 111 227 160 -147 182 -6 -47 200 12 79 -183 98 -208 -62 112 -5 -144 68 130 72 157 -156 -45 154 183 -185 132 223 -135 2 -132 71 9 -209 3 -180 -107 228 -167 94 -242 50 0 -8 -50 -158 -172 44 36 -226 101 -194 -51 -109 -26 -129 124 -152 107 -97 -177 147 203 -115 -88 -17 152 -19 -231 -122 21 -182 174 -78 201 246 96 1 193 166 156 56 -141 -95 -181 -70 217 172 -38 -82 -148 -234 -74 -193 241 238 -155 135 -2 150 -39 -81 82 -57 224 103 -143 39 243 78 -136 63 199 180 -200 -202 -100 -191 -170 27 106 181 -219 -227 -69 -171 -59 164 40 -25 -40 -85 -139 -197 -3 -56 165 16 177 -67 117 207 155 235 70 -96 -48 -198 220 32 168 -106 86 89 -30 249 -20 -58 -196 -4 -54 -29 221 -241 226 -169 146 -248 60 171 128 11 -68 75 -153 -199 74 234 -244 54 -186 -84 76 5 -32 -117 -245 -111 -116 42 -87 80 -204 233 77 -77 216 247 -188 104 62 142 46 176 -83 -104 -60 240 -1 108 -142 -225 244 225 -61 -214 55 -49 133 66 26 179 -246 -228 -7 208 -55 230 -238 214 -28 -175 41 102 -201 222 -145 -239 -102 -92 210 -72 -161 -235 -250 49 -205 73 22 -233 -163 178 215 -65 -195 -237 -31 65 -42 -223 -215 192 -128 59 -108 119 -121 -13 198 204 144 -123 -118 194 -112 -151 -44 163 -76 85 18 61 -36 126 -18 -43 67 -176 -46 185 110 69 -53 -114 -15 114 239 -101 195 33 -90 191 -203 167 148 19 -79 
TEST 7 ARG:125 43 -126 116 -103 113 -137 -130 120 6 15 4 -11 -229 151 -213 -33 51 115 -150 -105 -166 -174 48 -22 -149 -21 88 173 105 34 -133 28 -52 -98 53 123 -34 229 141 -64 189 -207 84 121 162 31 149 218 23 -187 -131 24 -224 153 136 -24 -189 -120 161 137 197 -218 29 -16 8 20 -220 145 -14 159 -9 232 -113 236 -216 -94 205 211 122 -249 64 -86 -110 83 213 95 170 -178 -157 14 -240 118 90 140 -164 -89 -134 13 -221 -243 -236 231 134 57 -71 38 169 -190 143 138 -212 109 206 99 -230 -27 -91 10 184 -35 -210 -124 -206 -127 -140 30 196 97 -10 158 -192 -138 -23 87 47 -37 248 245 139 202 -73 188 17 -80 100 -179 -222 -247 127 -165 37 190 -232 52 -162 92 -211 186 212 -12 45 -41 -168 -159 25 -119 -217 -154 209 81 7 -93 -125 -75 -99 35 -146 91 131 175 219 -66 93 242 58 -184 129 -173 187 -63 -160 237 111 227 160 -147 182 -6 -47 200 12 79 -183 98 -208 -62 112 -5 -144 68 130 72 157 -156 -45 154 183 -185 132 223 -135 2 -132 71 9 -209 3 -180 -107 228 -167 94 -242 50 0 -8 -50 -158 -172 44 36 -226 101 -194 -51 -109 -26 -129 124 -152 107 -97 -177 147 203 -115 -88 -17 152 -19 -231 -122 21 -182 174 -78 201 246 96 1 193 166 156 56 -141 -95 -181 -70 217 172 -38 -82 -148 -234 -74 -193 241 238 -155 135 -2 150 -39 -81 82 -57 224 103 -143 39 243 78 -136 63 199 180 -200 -202 -100 -191 -170 27 106 181 -219 -227 -69 -171 -59 164 40 -25 -40 -85 -139 -197 -3 -56 165 16 177 -67 117 207 155 235 70 -96 -48 -198 220 32 168 -106 86 89 -30 249 -20 -58 -196 -4 -54 -29 221 -241 226 -169 146 -248 60 171 128 11 -68 75 -153 -199 74 234 -244 54 -186 -84 76 5 -32 -117 -245 -111 -116 42 -87 80 -204 233 77 -77 216 247 -188 104 62 142 46 176 -83 -104 -60 240 -1 108 -142 -225 244 225 -61 -214 55 -49 133 66 26 179 -246 -228 -7 208 -55 230 -238 214 -28 -175 41 102 -201 222 -145 -239 -102 -92 210 -72 -161 -235 -250 49 -205 73 22 -233 -163 178 215 -65 -195 -237 -31 65 -42 -223 -215 192 -128 59 -108 119 -121 -13 198 204 144 -123 -118 194 -112 -151 -44 163 -76 85 18 61 -36 126 -18 -43 67 -176 -46 185 110 69 -53 -114 -15 114 239 -101 195 33 -90 191 -203 167 148 19 -79 
TEST 8 ARG:-208 -164 154 189 -18 -181 -19 81 -67 -166 -62 -158 121 124 161 -140 56 49 -182 125 210 -206 70 168 -77 -176 100 215 147 45 -88 -92 101 16 -23 -197 8 236 -116 18 -136 230 -245 34 186 3 -4 -64 -162 -171 -26 214 242 -153 208 141 79 -75 -250 9 175 -150 -9 120 82 105 28 -90 94 122 -196 -3 -78 -178 -238 -45 -79 -229 -123 146 -66 118 31 -102 -95 136 -219 -207 84 204 -145 235 47 -68 -175 112 -84 106 -120 176 110 180 131 143 227 2 207 -143 86 20 148 187 -230 -91 -134 -248 -149 -30 -81 65 38 -25 -94 -119 107 -180 -216 24 -184 -31 206 -202 21 -247 91 -126 85 4 -144 54 -101 6 -160 190 -172 55 -155 228 225 135 -12 -223 192 -83 182 -128 36 75 -192 48 -43 226 165 76 -130 -107 -228 95 -53 -2 103 -112 -21 139 145 -103 -82 -222 -183 73 -87 -190 -234 224 90 246 191 74 -227 99 68 222 -163 -86 71 -13 212 -58 -173 108 -235 -97 -198 219 -203 218 -174 198 -135 22 181 -100 35 -187 96 92 -33 248 -27 -34 -11 173 113 -152 137 7 231 -110 -24 159 -61 -69 158 67 -65 116 -236 10 -214 -117 209 -193 -76 229 -108 -242 32 249 -221 -8 -211 115 -146 30 -215 151 -142 83 167 -22 241 -201 -122 78 -121 184 220 128 -212 -243 -44 -148 -49 -131 -185 59 123 72 -59 178 -220 50 12 53 -15 87 -16 -204 179 172 13 -96 -167 -169 98 237 -210 157 -93 -249 -5 117 62 -232 197 37 114 -177 -20 -133 -54 130 63 14 1 -60 -231 5 -46 -168 217 -113 57 -188 52 170 -17 203 44 15 -132 216 171 80 127 -104 -195 66 -241 -213 -32 29 -6 60 -239 -189 -138 -217 -118 -179 150 160 144 -186 -224 194 -246 169 162 -156 -73 -170 61 -199 193 211 109 -105 239 97 -141 -106 166 0 134 223 205 -56 183 -52 240 129 138 -209 104 -1 -40 -127 -10 232 -28 26 43 102 42 -63 200 19 213 153 46 88 25 -165 39 132 195 247 243 -114 -237 23 163 -191 -137 -51 -41 174 245 196 -115 -157 11 -151 -124 185 64 -109 -42 77 -72 27 244 -48 -226 89 93 -57 -205 -47 -225 -14 -129 221 -35 -74 -37 -244 -29 234 -55 -99 119 199 33 177 51 -38 -85 -98 201 164 -161 -39 188 -154 142 202 58 -139 156 238 -36 17 -71 69 -218 -200 152 -80 -89 -70 41 -50 -240 -7 126 -125 233 155 -233 140 111 149 133 -111 -147 -194 -159 40 
TEST 8 ARG:-208 -164 154 189 -18 -181 -19 81 -67 -166 -62 -158 121 124 161 -140 56 49 -182 125 210 -206 70 168 -77 -176 100 215 147 45 -88 -92 101 16 -23 -197 8 236 -116 18 -136 230 -245 34 186 3 -4 -64 -162 -171 -26 214 242 -153 208 141 79 -75 -250 9 175 -150 -9 120 82 105 28 -90 94 122 -196 -3 -78 -178 -238 -45 -79 -229 -123 146 -66 118 31 -102 -95 136 -219 -207 84 204 -145 235 47 -68 -175 112 -84 106 -120 176 110 180 131 143 227 2 207 -143 86 20 148 187 -230 -91 -134 -248 -149 -30 -81 65 38 -25 -94 -119 107 -180 -216 24 -184 -31 206 -202 21 -247 91 -126 85 4 -144 54 -101 6 -160 190 -172 55 -155 228 225 135 -12 -223 192 -83 182 -128 36 75 -192 48 -43 226 165 76 -130 -107 -228 95 -53 -2 103 -112 -21 139 145 -103 -82 -222 -183 73 -87 -190 -234 224 90 246 191 74 -227 99 68 222 -163 -86 71 -13 212 -58 -173 108 -235 -97 -198 219 -203 218 -174 198 -135 22 181 -100 35 -187 96 92 -33 248 -27 -34 -11 173 113 -152 137 7 231 -110 -24 159 -61 -69 158 67 -65 116 -236 10 -214 -117 209 -193 -76 229 -108 -242 32 249 -221 -8 -211 115 -146 30 -215 151 -142 83 167 -22 241 -201 -122 78 -121 184 220 128 -212 -243 -44 -148 -49 -131 -185 59 123 72 -59 178 -220 50 12 53 -15 87 -16 -204 179 172 13 -96 -167 -169 98 237 -210 157 -93 -249 -5 117 62 -232 197 37 114 -177 -20 -133 -54 130 63 14 1 -60 -231 5 -46 -168 217 -113 57 -188 52 170 -17 203 44 15 -132 216 171 80 127 -104 -195 66 -241 -213 -32 29 -6 60 -239 -189 -138 -217 -118 -179 150 160 144 -186 -224 194 -246 169 162 -156 -73 -170 61 -199 193 211 109 -105 239 97 -141 -106 166 0 134 223 205 -56 183 -52 240 129 138 -209 104 -1 -40 -127 -10 232 -28 26 43 102 42 -63 200 19 213 153 46 88 25 -165 39 132 195 247 243 -114 -237 23 163 -191 -137 -51 -41 174 245 196 -115 -157 11 -151 -124 185 64 -109 -42 77 -72 27 244 -48 -226 89 93 -57 -205 -47 -225 -14 -129 221 -35 -74 -37 -244 -29 234 -55 -99 119 199 33 177 51 -38 -85 -98 201 164 -161 -39 188 -154 142 202 58 -139 156 238 -36 17 -71 69 -218 -200 152 -80 -89 -70 41 -50 -240 -7 126 -125 233 155 -233 140 111 149 133 -111 -147 -194 -159 40 
TEST 9 ARG:-43 31 -182 -169 211 49 24 -115 -96 192 34 -111 191 -189 55 128 -161 186 249 -164 156 -39 7 44 158 41 -149 19 -58 235 -69 97 248 -6 -48 -167 -158 75 -83 172 148 -213 -90 -207 173 -155 -151 -192 -8 -121 51 18 202 -35 140 -4 -116 198 80 -195 -101 4 -56 -125 26 182 -134 -50 -128 -9 175 189 15 -240 157 -3 77 -73 -165 -80 194 -99 -193 125 -52 35 -137 89 -229 204 -88 -68 190 -220 -104 120 216 -102 201 -5 -72 119 6 -97 137 -109 73 167 -26 169 27 43 127 151 -110 1 207 33 -234 -143 105 246 22 219 67 -124 185 143 131 -21 213 234 -140 226 -174 -185 91 -100 -86 136 -138 84 -144 159 233 123 245 -194 -81 238 -159 93 230 -106 70 210 87 -241 -168 57 -13 45 -118 187 85 115 -224 99 108 -250 244 100 174 -245 -93 -41 -10 195 -206 243 154 -237 -85 124 221 29 -173 209 -177 214 -178 52 48 96 -211 -117 46 -201 180 81 217 -103 163 -203 -49 -1 116 -248 95 -179 66 -228 38 -204 178 241 14 -12 -123 134 181 -53 -78 200 160 -131 -63 -74 -24 86 -231 218 -133 -212 -154 162 199 53 71 -60 -79 63 37 103 -171 -205 -233 -160 188 54 -28 23 -112 83 205 -235 -29 -27 147 -150 69 -225 -108 3 153 -163 -217 -113 -92 -210 138 -120 232 -147 -7 247 145 129 61 -25 5 -23 -191 -199 132 -172 -226 -33 -22 183 206 -36 102 -65 -166 78 62 -77 -227 -197 171 -130 -34 16 222 -223 28 -20 170 -17 -76 155 -198 -246 165 -136 -45 107 72 -181 59 90 161 225 104 112 -141 -84 -122 146 11 -64 -221 -157 -219 40 -218 -66 21 227 -184 60 239 114 -38 -46 -232 223 -71 220 -236 111 139 109 228 -196 -70 130 -119 229 -87 -216 141 176 133 -54 -222 -114 166 98 65 152 -57 -55 -11 231 -215 -209 236 8 -142 -175 -59 30 -98 -14 58 118 -67 215 -75 -37 -16 -238 -190 -162 25 76 -2 -44 240 74 168 196 -183 -153 42 -187 68 -230 -129 -32 135 113 -244 117 -146 126 224 144 94 56 -42 -243 149 -135 39 121 177 -51 106 13 -176 197 193 12 179 -170 64 -152 -95 -202 184 212 -186 47 237 -127 32 -107 -249 242 -30 -126 -91 88 -180 -15 -47 36 82 -145 -40 -156 2 164 9 -188 -61 142 0 92 17 -18 79 -214 -139 110 -208 122 -82 -105 -19 -247 10 208 150 203 -62 -148 -132 -94 -242 -239 -200 -31 -89 50 20 101 
TEST 9 ARG:-43 31 -182 -169 211 49 24 -115 -96 192 34 -111 191 -189 55 128 -161 186 249 -164 156 -39 7 44 158 41 -149 19 -58 235 -69 97 248 -6 -48 -167 -158 75 -83 172 148 -213 -90 -207 173 -155 -151 -192 -8 -121 51 18 202 -35 140 -4 -116 198 80 -195 -101 4 -56 -125 26 182 -134 -50 -128 -9 175 189 15 -240 157 -3 77 -73 -165 -80 194 -99 -193 125 -52 35 -137 89 -229 204 -88 -68 190 -220 -104 120 216 -102 201 -5 -72 119 6 -97 137 -109 73 167 -26 169 27 43 127 151 -110 1 207 33 -234 -143 105 246 22 219 67 -124 185 143 131 -21 213 234 -140 226 -174 -185 91 -100 -86 136 -138 84 -144 159 233 123 245 -194 -81 238 -159 93 230 -106 70 210 87 -241 -168 57 -13 45 -118 187 85 115 -224 99 108 -250 244 100 174 -245 -93 -41 -10 195 -206 243 154 -237 -85 124 221 29 -173 209 -177 214 -178 52 48 96 -211 -117 46 -201 180 81 217 -103 163 -203 -49 -1 116 -248 95 -179 66 -228 38 -204 178 241 14 -12 -123 134 181 -53 -78 200 160 -131 -63 -74 -24 86 -231 218 -133 -212 -154 162 199 53 71 -60 -79 63 37 103 -171 -205 -233 -160 188 54 -28 23 -112 83 205 -235 -29 -27 147 -150 69 -225 -108 3 153 -163 -217 -113 -92 -210 138 -120 232 -147 -7 247 145 129 61 -25 5 -23 -191 -199 132 -172 -226 -33 -22 183 206 -36 102 -65 -166 78 62 -77 -227 -197 171 -130 -34 16 222 -223 28 -20 170 -17 -76 155 -198 -246 165 -136 -45 107 72 -181 59 90 161 225 104 112 -141 -84 -122 146 11 -64 -221 -157 -219 40 -218 -66 21 227 -184 60 239 114 -38 -46 -232 223 -71 220 -236 111 139 109 228 -196 -70 130 -119 229 -87 -216 141 176 133 -54 -222 -114 166 98 65 152 -57 -55 -11 231 -215 -209 236 8 -142 -175 -59 30 -98 -14 58 118 -67 215 -75 -37 -16 -238 -190 -162 25 76 -2 -44 240 74 168 196 -183 -153 42 -187 68 -230 -129 -32 135 113 -244 117 -146 126 224 144 94 56 -42 -243 149 -135 39 121 177 -51 106 13 -176 197 193 12 179 -170 64 -152 -95 -202 184 212 -186 47 237 -127 32 -107 -249 242 -30 -126 -91 88 -180 -15 -47 36 82 -145 -40 -156 2 164 9 -188 -61 142 0 92 17 -18 79 -214 -139 110 -208 122 -82 -105 -19 -247 10 208 150 203 -62 -148 -132 -94 -242 -239 -200 -31 -89 50 20 101 
TEST 10 ARG:-183 -127 -129 -37 -166 -8 -188 86 -24 -143 130 112 -141 -31 96 35 77 31 -244 -202 -120 -137 57 -80 -42 -48 -124 -250 -82 169 108 -151 -100 87 104 89 9 102 11 110 39 -158 -216 -245 -208 -219 -5 242 209 229 43 -29 -21 -193 184 -210 -161 70 21 5 159 -85 -231 50 19 75 -52 0 -162 204 62 240 164 129 150 111 -163 -77 -70 219 100 67 247 206 218 -160 95 -57 22 -225 -146 141 -154 109 115 -51 -222 -176 234 -134 -149 -113 -159 212 203 -133 -170 -63 -230 -239 -228 -213 58 -217 -44 138 -107 -110 -236 -90 -65 -174 -17 127 205 217 -233 176 69 -218 48 -164 -59 -97 224 -62 118 144 82 183 113 -200 -23 195 3 140 134 -128 -184 230 190 -234 -247 -204 202 -199 10 -220 -46 40 143 -221 -246 232 171 -232 136 222 116 -91 -11 148 -142 -106 158 -84 -177 -132 -196 241 -58 52 -19 63 23 207 78 166 -87 182 53 154 197 -14 98 6 122 -67 59 121 92 -72 175 -93 -145 231 -156 79 -92 153 -194 160 168 243 200 -28 163 124 -180 165 -30 37 135 216 -20 220 -39 -144 -34 214 107 -187 155 101 125 162 -192 120 54 -172 -12 161 12 -152 167 64 8 -4 72 -136 -47 -224 41 88 223 146 -165 -168 7 233 -112 -74 194 -190 -186 226 -191 133 248 46 123 26 181 -139 -227 -13 137 149 -53 -203 -197 114 -114 201 -43 -155 73 60 83 65 103 -61 -55 81 228 -147 189 -108 170 -25 -49 -15 177 -79 192 147 45 61 -123 -68 208 -66 131 -60 55 126 -198 -201 74 -167 33 -6 -242 32 -179 -32 34 -76 -148 -131 -121 157 119 -240 93 238 -237 -102 -135 85 105 -1 -99 -104 142 128 -101 84 -125 -209 -175 27 213 -9 -103 -126 -195 -157 -249 66 -2 -105 -150 -83 -16 179 -122 -96 36 -81 44 56 29 178 -153 -207 -182 -238 210 49 97 180 13 20 221 -41 -50 38 -212 -54 172 42 -140 99 -40 16 2 -119 139 -185 24 -189 -45 -64 -138 -205 199 47 -171 -27 244 -181 25 -18 198 -98 -214 -130 -223 -178 -235 185 215 71 -88 225 90 17 15 173 -116 245 -38 80 -111 -118 246 196 68 -22 76 -73 186 191 156 91 -94 145 152 -95 1 -226 94 236 174 239 -241 -206 -26 -71 -86 -173 117 -243 -56 30 188 249 -115 227 4 18 -33 -89 51 -215 193 106 -3 -36 237 -169 132 -248 151 -10 211 28 -75 -35 -229 -211 187 -7 14 235 -117 -69 -78 -109 
TEST 10 ARG:-183 -127 -129 -37 -166 -8 -188 86 -24 -143 130 112 -141 -31 96 35 77 31 -244 -202 -120 -137 57 -80 -42 -48 -124 -250 -82 169 108 -151 -100 87 104 89 9 102 11 110 39 -158 -216 -245 -208 -219 -5 242 209 229 43 -29 -21 -193 184 -210 -161 70 21 5 159 -85 -231 50 19 75 -52 0 -162 204 62 240 164 129 150 111 -163 -77 -70 219 100 67 247 206 218 -160 95 -57 22 -225 -146 141 -154 109 115 -51 -222 -176 234 -134 -149 -113 -159 212 203 -133 -170 -63 -230 -239 -228 -213 58 -217 -44 138 -107 -110 -236 -90 -65 -174 -17 127 205 217 -233 176 69 -218 48 -164 -59 -97 224 -62 118 144 82 183 113 -200 -23 195 3 140 134 -128 -184 230 190 -234 -247 -204 202 -199 10 -220 -46 40 143 -221 -246 232 171 -232 136 222 116 -91 -11 148 -142 -106 158 -84 -177 -132 -196 241 -58 52 -19 63 23 207 78 166 -87 182 53 154 197 -14 98 6 122 -67 59 121 92 -72 175 -93 -145 231 -156 79 -92 153 -194 160 168 243 200 -28 163 124 -180 165 -30 37 135 216 -20 220 -39 -144 -34 214 107 -187 155 101 125 162 -192 120 54 -172 -12 161 12 -152 167 64 8 -4 72 -136 -47 -224 41 88 223 146 -165 -168 7 233 -112 -74 194 -190 -186 226 -191 133 248 46 123 26 181 -139 -227 -13 137 149 -53 -203 -197 114 -114 201 -43 -155 73 60 83 65 103 -61 -55 81 228 -147 189 -108 170 -25 -49 -15 177 -79 192 147 45 61 -123 -68 208 -66 131 -60 55 126 -198 -201 74 -167 33 -6 -242 32 -179 -32 34 -76 -148 -131 -121 157 119 -240 93 238 -237 -102 -135 85 105 -1 -99 -104 142 128 -101 84 -125 -209 -175 27 213 -9 -103 -126 -195 -157 -249 66 -2 -105 -150 -83 -16 179 -122 -96 36 -81 44 56 29 178 -153 -207 -182 -238 210 49 97 180 13 20 221 -41 -50 38 -212 -54 172 42 -140 99 -40 16 2 -119 139 -185 24 -189 -45 -64 -138 -205 199 47 -171 -27 244 -181 25 -18 198 -98 -214 -130 -223 -178 -235 185 215 71 -88 225 90 17 15 173 -116 245 -38 80 -111 -118 246 196 68 -22 76 -73 186 191 156 91 -94 145 152 -95 1 -226 94 236 174 239 -241 -206 -26 -71 -86 -173 117 -243 -56 30 188 249 -115 227 4 18 -33 -89 51 -215 193 106 -3 -36 237 -169 132 -248 151 -10 211 28 -75 -35 -229 -211 187 -7 14 235 -117 -69 -78 -109 
TEST 11 ARG:-8 190 126 45 106 60 172 -202 -47 -102 241 212 180 -118 -43 179 -59 -236 9 -75 146 12 76 82 90 182 -147 189 -144 123 77 -145 -162 34 68 -50 -22 -195 135 -89 -71 237 -214 -54 210 134 -209 65 -233 -164 -175 50 -4 99 100 242 215 -205 -215 -190 -159 -13 28 78 3 108 -80 238 191 -69 79 74 232 11 -125 -163 159 145 -232 -229 14 177 -170 226 51 -172 -100 -6 217 231 -211 111 -14 160 43 104 64 121 -25 168 140 -174 -79 248 94 -227 -189 154 -72 118 75 -181 87 39 124 162 -218 246 192 -182 -156 -107 73 -17 161 -136 -40 33 -114 -246 183 2 44 -221 218 224 -237 -42 15 55 -169 216 97 150 -64 221 178 235 101 133 86 156 120 -188 -31 59 -210 -2 229 27 -85 -74 17 107 -141 -152 -143 211 -45 1 98 -228 233 202 -248 -173 198 125 -28 165 -168 173 48 -55 228 -179 143 245 -183 114 -217 -70 -224 181 -216 131 -5 -38 -106 -165 -90 -82 42 89 16 71 -116 174 62 151 -97 -27 -150 112 -187 -96 -46 -212 103 -73 -206 194 244 -67 -140 197 155 70 214 53 31 -235 -56 -53 -199 -87 184 -39 185 0 219 -110 -23 63 176 -201 13 38 119 -149 40 236 -155 105 -161 -86 116 21 -57 -1 84 23 -112 -60 -132 -166 37 -184 35 -34 -240 95 -58 -242 30 -128 127 109 -158 67 -250 -48 196 52 208 -200 -129 46 -32 -193 -95 -208 -167 -99 -3 -49 -142 -52 -249 -24 -191 141 -36 209 137 4 188 -230 -198 -111 -11 166 -120 -213 69 -18 -223 -207 6 -98 102 93 -196 24 132 -104 80 201 -117 222 10 117 -220 7 153 -65 -51 113 5 -245 -137 -123 19 -153 -238 56 -134 227 186 -151 148 -127 -126 -83 -178 -21 149 -76 152 158 -12 -101 223 -113 -105 -121 213 -92 -62 163 -186 -84 249 57 -219 -176 49 199 -133 -33 138 91 171 136 -37 -41 -239 96 -122 167 -197 36 206 130 187 -194 115 128 -35 -109 -20 243 83 -93 240 -138 85 58 20 -148 88 169 -10 -231 147 47 142 110 -139 -226 22 -185 -81 193 -157 -66 247 -119 -26 -177 234 26 -9 -154 32 -61 -124 205 -171 230 25 164 144 -29 207 225 66 -44 -180 -63 -30 -68 54 -222 -108 -115 170 81 204 -130 239 203 122 29 92 -15 -192 -204 8 -131 -88 -234 18 139 -19 -77 -16 200 -146 157 72 220 -91 175 129 -7 -241 -244 -243 41 -225 -203 -78 -135 -103 61 -247 195 -94 -160 
TEST 11 ARG:-8 190 126 45 106 60 172 -202 -47 -102 241 212 180 -118 -43 179 -59 -236 9 -75 146 12 76 82 90 182 -147 189 -144 123 77 -145 -162 34 68 -50 -22 -195 135 -89 -71 237 -214 -54 210 134 -209 65 -233 -164 -175 50 -4 99 100 242 215 -205 -215 -190 -159 -13 28 78 3 108 -80 238 191 -69 79 74 232 11 -125 -163 159 145 -232 -229 14 177 -170 226 51 -172 -100 -6 217 231 -211 111 -14 160 43 104 64 121 -25 168 140 -174 -79 248 94 -227 -189 154 -72 118 75 -181 87 39 124 162 -218 246 192 -182 -156 -107 73 -17 161 -136 -40 33 -114 -246 183 2 44 -221 218 224 -237 -42 15 55 -169 216 97 150 -64 221 178 235 101 133 86 156 120 -188 -31 59 -210 -2 229 27 -85 -74 17 107 -141 -152 -143 211 -45 1 98 -228 233 202 -248 -173 198 125 -28 165 -168 173 48 -55 228 -179 143 245 -183 114 -217 -70 -224 181 -216 131 -5 -38 -106 -165 -90 -82 42 89 16 71 -116 174 62 151 -97 -27 -150 112 -187 -96 -46 -212 103 -73 -206 194 244 -67 -140 197 155 70 214 53 31 -235 -56 -53 -199 -87 184 -39 185 0 219 -110 -23 63 176 -201 13 38 119 -149 40 236 -155 105 -161 -86 116 21 -57 -1 84 23 -112 -60 -132 -166 37 -184 35 -34 -240 95 -58 -242 30 -128 127 109 -158 67 -250 -48 196 52 208 -200 -129 46 -32 -193 -95 -208 -167 -99 -3 -49 -142 -52 -249 -24 -191 141 -36 209 137 4 188 -230 -198 -111 -11 166 -120 -213 69 -18 -223 -207 6 -98 102 93 -196 24 132 -104 80 201 -117 222 10 117 -220 7 153 -65 -51 113 5 -245 -137 -123 19 -153 -238 56 -134 227 186 -151 148 -127 -126 -83 -178 -21 149 -76 152 158 -12 -101 223 -113 -105 -121 213 -92 -62 163 -186 -84 249 57 -219 -176 49 199 -133 -33 138 91 171 136 -37 -41 -239 96 -122 167 -197 36 206 130 187 -194 115 128 -35 -109 -20 243 83 -93 240 -138 85 58 20 -148 88 169 -10 -231 147 47 142 110 -139 -226 22 -185 -81 193 -157 -66 247 -119 -26 -177 234 26 -9 -154 32 -61 -124 205 -171 230 25 164 144 -29 207 225 66 -44 -180 -63 -30 -68 54 -222 -108 -115 170 81 204 -130 239 203 122 29 92 -15 -192 -204 8 -131 -88 -234 18 139 -19 -77 -16 200 -146 157 72 220 -91 175 129 -7 -241 -244 -243 41 -225 -203 -78 -135 -103 61 -247 195 -94 -160 
TEST 12 ARG:241 200 129 64 14 186 -14 -180 -123 -181 147 229 -190 -41 -84 -7 5 52 247 131 212 -11 -169 -244 120 -98 -29 -148 -168 198 236 12 -137 -226 11 193 175 246 -146 135 210 119 84 172 211 114 -147 118 -25 39 81 230 -107 -224 43 -32 -162 156 -10 184 70 158 -64 6 216 -124 62 237 -18 -178 -138 197 106 101 -66 215 -234 188 -210 134 19 68 24 -83 248 160 161 -6 -232 88 -68 195 21 171 -134 -102 -246 -136 -71 202 36 125 -60 27 199 -50 -187 -12 -239 228 -209 -133 48 -208 -230 78 -145 -249 221 191 190 -240 65 -188 -189 244 151 40 100 -54 -175 -48 -207 -128 108 249 10 102 -99 -183 -139 235 -24 98 -173 -144 -219 -157 205 -225 121 -26 -135 -92 -184 -122 -217 37 93 -186 60 174 4 -103 73 130 -105 96 -142 -46 -125 3 -39 -154 227 -116 123 140 -131 -19 -151 126 138 -73 -149 -203 -212 58 -37 173 -36 240 50 214 -205 -220 28 226 -85 72 110 107 49 -223 115 97 124 176 -192 -62 113 -195 29 -200 239 -80 2 -194 222 -179 -8 -237 -229 217 -53 -3 -35 69 -170 166 112 9 231 47 -235 -22 75 -74 -33 142 177 -96 -141 44 -101 66 234 35 33 -17 92 -93 -65 153 -132 -61 16 223 204 15 -204 87 116 -119 32 -161 -201 -43 -31 56 163 -108 25 185 -45 165 83 238 67 111 201 -75 145 152 136 -63 -250 -177 90 -59 -76 -94 -130 148 -4 89 144 157 137 -242 -78 -111 45 46 23 164 162 -1 -72 -126 220 -182 -197 181 -231 -115 150 -129 -109 -16 180 34 -202 169 -30 208 -106 207 155 179 30 -121 141 -82 76 132 -171 133 219 71 -216 55 -42 -164 -114 -20 -233 122 117 -47 -77 85 -174 8 -52 -70 -199 183 -198 -158 105 196 -165 167 -5 0 -90 -2 1 -176 139 42 109 143 -153 -23 -104 -228 -81 159 218 168 -127 -55 17 -79 -15 -160 -236 213 170 149 -91 -245 245 -206 242 38 -34 -215 59 22 -159 -69 -163 54 20 74 127 -191 -28 -89 -56 -213 232 -150 203 -218 -140 225 -13 -214 104 53 -51 -166 82 -27 86 -112 -155 79 -211 -156 13 206 -87 -167 192 -100 -88 194 243 -38 187 94 51 -110 154 -193 -67 41 182 63 128 -222 209 -40 91 -57 233 189 -117 -243 178 224 -143 -238 7 95 -172 80 -21 -44 -97 -185 -196 -113 77 99 -120 -247 -49 -227 -86 26 31 -221 -241 18 146 -118 -95 -248 -152 61 -9 57 103 -58 
TEST 12 ARG:241 200 129 64 14 186 -14 -180 -123 -181 147 229 -190 -41 -84 -7 5 52 247 131 212 -11 -169 -244 120 -98 -29 -148 -168 198 236 12 -137 -226 11 193 175 246 -146 135 210 119 84 172 211 114 -147 118 -25 39 81 230 -107 -224 43 -32 -162 156 -10 184 70 158 -64 6 216 -124 62 237 -18 -178 -138 197 106 101 -66 215 -234 188 -210 134 19 68 24 -83 248 160 161 -6 -232 88 -68 195 21 171 -134 -102 -246 -136 -71 202 36 125 -60 27 199 -50 -187 -12 -239 228 -209 -133 48 -208 -230 78 -145 -249 221 191 190 -240 65 -188 -189 244 151 40 100 -54 -175 -48 -207 -128 108 249 10 102 -99 -183 -139 235 -24 98 -173 -144 -219 -157 205 -225 121 -26 -135 -92 -184 -122 -217 37 93 -186 60 174 4 -103 73 130 -105 96 -142 -46 -125 3 -39 -154 227 -116 123 140 -131 -19 -151 126 138 -73 -149 -203 -212 58 -37 173 -36 240 50 214 -205 -220 28 226 -85 72 110 107 49 -223 115 97 124 176 -192 -62 113 -195 29 -200 239 -80 2 -194 222 -179 -8 -237 -229 217 -53 -3 -35 69 -170 166 112 9 231 47 -235 -22 75 -74 -33 142 177 -96 -141 44 -101 66 234 35 33 -17 92 -93 -65 153 -132 -61 16 223 204 15 -204 87 116 -119 32 -161 -201 -43 -31 56 163 -108 25 185 -45 165 83 238 67 111 201 -75 145 152 136 -63 -250 -177 90 -59 -76 -94 -130 148 -4 89 144 157 137 -242 -78 -111 45 46 23 164 162 -1 -72 -126 220 -182 -197 181 -231 -115 150 -129 -109 -16 180 34 -202 169 -30 208 -106 207 155 179 30 -121 141 -82 76 132 -171 133 219 71 -216 55 -42 -164 -114 -20 -233 122 117 -47 -77 85 -174 8 -52 -70 -199 183 -198 -158 105 196 -165 167 -5 0 -90 -2 1 -176 139 42 109 143 -153 -23 -104 -228 -81 159 218 168 -127 -55 17 -79 -15 -160 -236 213 170 149 -91 -245 245 -206 242 38 -34 -215 59 22 -159 -69 -163 54 20 74 127 -191 -28 -89 -56 -213 232 -150 203 -218 -140 225 -13 -214 104 53 -51 -166 82 -27 86 -112 -155 79 -211 -156 13 206 -87 -167 192 -100 -88 194 243 -38 187 94 51 -110 154 -193 -67 41 182 63 128 -222 209 -40 91 -57 233 189 -117 -243 178 224 -143 -238 7 95 -172 80 -21 -44 -97 -185 -196 -113 77 99 -120 -247 -49 -227 -86 26 31 -221 -241 18 146 -118 -95 -248 -152 61 -9 57 103 -58 
TEST 13 ARG:225 -71 -234 -179 -79 57 -137 229 5 -189 -120 -16 -40 -244 217 -190 170 -156 140 89 -180 -206 113 55 233 59 139 -149 -145 147 7 -55 -211 171 184 -67 47 -214 -121 203 174 -81 -82 58 -164 179 128 -30 178 91 -223 -151 -184 155 12 180 -2 -15 185 202 -102 54 157 15 -186 149 -38 -43 -135 -95 32 -63 14 175 42 0 -202 103 223 -148 -166 17 -20 125 195 248 190 -99 -25 -212 -56 -187 227 -191 35 105 -87 -117 -36 141 39 231 85 -72 -28 -232 -89 -26 146 -114 -198 196 3 176 -51 210 -132 72 -116 75 -32 199 18 154 51 226 -161 -45 71 234 36 -248 78 211 -61 50 62 214 73 -205 31 93 -85 165 109 -106 218 -213 172 -167 41 238 -21 -39 -221 94 81 142 -130 -115 -119 -147 61 -159 -230 -220 64 -169 -154 -75 228 -143 -160 -50 -52 13 189 -162 45 204 -9 100 -34 -31 232 -168 -133 -141 216 -173 116 104 -48 133 186 220 -123 -249 151 -136 -97 -54 -58 -10 -22 4 -194 24 117 200 102 96 60 70 -163 242 -224 28 164 -29 244 148 -215 -77 143 -46 135 -44 79 -131 145 131 -229 191 -134 -240 129 -113 177 188 120 -112 -218 8 126 25 -181 53 -250 84 212 -60 -245 153 219 -152 -93 -175 -80 34 -243 207 -6 -235 11 -203 -8 52 206 -53 -37 -238 -239 -14 -69 66 -110 74 132 235 -129 -109 77 49 -104 -188 -178 -70 122 118 119 213 80 38 -124 98 -66 -165 -12 56 82 83 -177 -118 -193 137 27 249 -24 193 161 2 -33 63 68 -144 22 130 -103 -209 -219 -246 166 76 187 -195 99 215 -241 -42 158 -236 23 -41 -207 -68 -62 237 -157 6 -140 -228 -199 30 -4 -84 -171 221 194 167 46 -107 246 -139 92 -176 -196 -174 67 144 156 209 127 -227 -172 -128 106 48 -122 236 -98 -126 168 107 -155 -222 224 -23 -83 33 -18 86 -197 1 241 -192 -78 -183 162 152 -92 -64 -237 16 -247 -233 -1 111 150 9 -217 -185 -7 88 -200 -216 -201 -150 -142 26 181 173 123 201 -108 208 101 -138 -27 115 -225 -208 -182 -88 -96 -3 121 37 -5 239 -158 69 108 -86 124 -105 182 -49 95 169 136 192 -101 247 -226 -73 -57 134 -17 65 -170 -146 19 245 -91 197 243 -125 -11 160 -74 -94 29 112 -47 205 -100 10 -76 90 -13 -153 40 230 222 87 -35 159 -204 163 138 43 -127 -19 -231 240 -65 44 97 183 -210 20 -242 21 -90 -111 114 198 -59 110 
TEST 13 ARG:225 -71 -234 -179 -79 57 -137 229 5 -189 -120 -16 -40 -244 217 -190 170 -156 140 89 -180 -206 113 55 233 59 139 -149 -145 147 7 -55 -211 171 184 -67 47 -214 -121 203 174 -81 -82 58 -164 179 128 -30 178 91 -223 -151 -184 155 12 180 -2 -15 185 202 -102 54 157 15 -186 149 -38 -43 -135 -95 32 -63 14 175 42 0 -202 103 223 -148 -166 17 -20 125 195 248 190 -99 -25 -212 -56 -187 227 -191 35 105 -87 -117 -36 141 39 231 85 -72 -28 -232 -89 -26 146 -114 -198 196 3 176 -51 210 -132 72 -116 75 -32 199 18 154 51 226 -161 -45 71 234 36 -248 78 211 -61 50 62 214 73 -205 31 93 -85 165 109 -106 218 -213 172 -167 41 238 -21 -39 -221 94 81 142 -130 -115 -119 -147 61 -159 -230 -220 64 -169 -154 -75 228 -143 -160 -50 -52 13 189 -162 45 204 -9 100 -34 -31 232 -168 -133 -141 216 -173 116 104 -48 133 186 220 -123 -249 151 -136 -97 -54 -58 -10 -22 4 -194 24 117 200 102 96 60 70 -163 242 -224 28 164 -29 244 148 -215 -77 143 -46 135 -44 79 -131 145 131 -229 191 -134 -240 129 -113 177 188 120 -112 -218 8 126 25 -181 53 -250 84 212 -60 -245 153 219 -152 -93 -175 -80 34 -243 207 -6 -235 11 -203 -8 52 206 -53 -37 -238 -239 -14 -69 66 -110 74 132 235 -129 -109 77 49 -104 -188 -178 -70 122 118 119 213 80 38 -124 98 -66 -165 -12 56 82 83 -177 -118 -193 137 27 249 -24 193 161 2 -33 63 68 -144 22 130 -103 -209 -219 -246 166 76 187 -195 99 215 -241 -42 158 -236 23 -41 -207 -68 -62 237 -157 6 -140 -228 -199 30 -4 -84 -171 221 194 167 46 -107 246 -139 92 -176 -196 -174 67 144 156 209 127 -227 -172 -128 106 48 -122 236 -98 -126 168 107 -155 -222 224 -23 -83 33 -18 86 -197 1 241 -192 -78 -183 162 152 -92 -64 -237 16 -247 -233 -1 111 150 9 -217 -185 -7 88 -200 -216 -201 -150 -142 26 181 173 123 201 -108 208 101 -138 -27 115 -225 -208 -182 -88 -96 -3 121 37 -5 239 -158 69 108 -86 124 -105 182 -49 95 169 136 192 -101 247 -226 -73 -57 134 -17 65 -170 -146 19 245 -91 197 243 -125 -11 160 -74 -94 29 112 -47 205 -100 10 -76 90 -13 -153 40 230 222 87 -35 159 -204 163 138 43 -127 -19 -231 240 -65 44 97 183 -210 20 -242 21 -90 -111 114 198 -59 110 
TEST 14 ARG:12 247 84 189 -159 -34 -239 -241 34 203 26 -157 133 -156 -92 -18 -47 -236 205 52 153 -104 199 -37 15 -85 74 77 -174 102 110 -30 -124 115 31 -173 -136 140 11 -224 146 6 29 22 165 234 -200 -162 -138 86 -117 -160 -86 -250 66 -36 93 -209 -233 -56 73 -144 49 91 -81 60 249 41 -11 244 215 166 -155 176 161 -206 -243 169 -164 -43 -88 -87 137 -64 125 13 -192 -99 -29 44 -183 -218 177 76 206 -102 148 -84 -66 -60 -4 155 242 -93 174 55 107 -131 82 -89 183 87 -196 53 -229 50 -23 -3 -61 -50 -32 72 211 78 119 221 246 -120 -130 173 54 121 222 114 -171 56 -237 -129 175 135 -24 -149 -225 -244 65 -79 47 71 -208 212 42 -8 -177 -98 182 -166 218 -105 -26 -71 -128 223 -13 167 -187 188 -220 -238 134 -216 229 -14 70 -205 228 191 -96 100 201 16 -212 79 207 -199 194 -114 198 238 151 -180 105 -194 163 118 210 30 81 -249 -140 -207 -33 -123 -110 159 117 -168 -54 -210 94 -97 21 -35 -78 139 -106 -28 58 -184 -227 104 164 136 -115 -15 10 -219 -111 240 -51 243 -48 14 -204 -62 4 80 239 -107 106 -41 -100 -74 232 124 236 67 69 -119 -226 32 98 -70 -197 -101 89 48 202 235 -57 83 -125 38 68 -127 147 -172 213 111 46 0 92 -58 -213 142 -7 -170 220 -20 -161 90 -189 43 241 219 -38 -165 -193 -49 -202 -234 101 156 -142 -132 -27 -16 -169 143 154 224 -214 196 -121 -44 187 -112 116 120 172 216 158 62 -31 -139 181 39 -17 -163 128 -235 190 168 -108 61 -95 -21 -176 -153 103 63 99 179 45 75 -222 -245 170 20 -178 97 -116 226 -46 37 123 -77 145 33 -154 -190 -113 -188 -25 -203 19 138 -22 214 -135 -55 -9 113 197 28 -63 35 112 178 -75 27 -126 217 -191 245 -242 248 64 7 126 -141 186 -221 57 17 -185 -230 -247 -201 -158 157 36 227 152 -45 -52 -150 -69 40 -145 150 -215 95 -53 59 -12 108 -195 -90 -198 -148 -152 -80 -167 129 192 171 -175 230 -211 -134 237 -143 -133 -151 132 208 180 -179 -73 8 209 85 -146 109 -68 -147 -2 -39 -83 3 -6 -103 51 -5 195 -76 25 -59 -182 185 144 -40 -223 -19 -228 130 -10 18 204 -1 160 162 9 -109 88 225 96 231 -248 2 5 -42 149 -232 131 23 127 -240 -65 -118 1 -137 -246 193 -181 141 -231 -82 -122 184 24 -67 -217 233 122 -94 -186 200 -72 -91 
TEST 14 ARG:12 247 84 189 -159 -34 -239 -241 34 203 26 -157 133 -156 -92 -18 -47 -236 205 52 153 -104 199 -37 15 -85 74 77 -174 102 110 -30 -124 115 31 -173 -136 140 11 -224 146 6 29 22 165 234 -200 -162 -138 86 -117 -160 -86 -250 66 -36 93 -209 -233 -56 73 -144 49 91 -81 60 249 41 -11 244 215 166 -155 176 161 -206 -243 169 -164 -43 -88 -87 137 -64 125 13 -192 -99 -29 44 -183 -218 177 76 206 -102 148 -84 -66 -60 -4 155 242 -93 174 55 107 -131 82 -89 183 87 -196 53 -229 50 -23 -3 -61 -50 -32 72 211 78 119 221 246 -120 -130 173 54 121 222 114 -171 56 -237 -129 175 135 -24 -149 -225 -244 65 -79 47 71 -208 212 42 -8 -177 -98 182 -166 218 -105 -26 -71 -128 223 -13 167 -187 188 -220 -238 134 -216 229 -14 70 -205 228 191 -96 100 201 16 -212 79 207 -199 194 -114 198 238 151 -180 105 -194 163 118 210 30 81 -249 -140 -207 -33 -123 -110 159 117 -168 -54 -210 94 -97 21 -35 -78 139 -106 -28 58 -184 -227 104 164 136 -115 -15 10 -219 -111 240 -51 243 -48 14 -204 -62 4 80 239 -107 106 -41 -100 -74 232 124 236 67 69 -119 -226 32 98 -70 -197 -101 89 48 202 235 -57 83 -125 38 68 -127 147 -172 213 111 46 0 92 -58 -213 142 -7 -170 220 -20 -161 90 -189 43 241 219 -38 -165 -193 -49 -202 -234 101 156 -142 -132 -27 -16 -169 143 154 224 -214 196 -121 -44 187 -112 116 120 172 216 158 62 -31 -139 181 39 -17 -163 128 -235 190 168 -108 61 -95 -21 -176 -153 103 63 99 179 45 75 -222 -245 170 20 -178 97 -116 226 -46 37 123 -77 145 33 -154 -190 -113 -188 -25 -203 19 138 -22 214 -135 -55 -9 113 197 28 -63 35 112 178 -75 27 -126 217 -191 245 -242 248 64 7 126 -141 186 -221 57 17 -185 -230 -247 -201 -158 157 36 227 152 -45 -52 -150 -69 40 -145 150 -215 95 -53 59 -12 108 -195 -90 -198 -148 -152 -80 -167 129 192 171 -175 230 -211 -134 237 -143 -133 -151 132 208 180 -179 -73 8 209 85 -146 109 -68 -147 -2 -39 -83 3 -6 -103 51 -5 195 -76 25 -59 -182 185 144 -40 -223 -19 -228 130 -10 18 204 -1 160 162 9 -109 88 225 96 231 -248 2 5 -42 149 -232 131 23 127 -240 -65 -118 1 -137 -246 193 -181 141 -231 -82 -122 184 24 -67 -217 233 122 -94 -186 200 -72 -91 
TEST 15 ARG:72 -16 -73 -116 -46 -219 -84 -212 221 -94 145 107 76 156 48 122 216 -163 -224 -50 196 -122 -92 -172 240 -12 118 -189 -7 203 229 4 -40 205 125 -197 202 74 -41 175 195 222 140 -236 -221 -1 -3 -168 92 160 -200 82 166 12 177 239 -5 -184 -90 249 120 -165 68 143 -241 -133 148 87 -96 64 94 78 49 110 55 -98 -24 -180 -99 -59 218 -81 187 133 -195 185 -153 7 -207 -128 54 -103 -97 22 29 191 -60 165 180 -11 141 91 178 -83 111 -222 -250 104 33 -104 -227 -111 11 23 -34 56 -110 238 -208 65 135 -141 -78 -190 -211 -134 237 169 61 201 88 246 130 -158 139 -17 -62 21 -71 -64 248 -21 -196 226 -75 -150 199 -19 -170 -115 79 -121 -132 -127 121 -47 -191 -147 86 -107 -20 -42 25 -61 163 223 -175 -68 27 -246 39 183 -108 -82 -245 -119 -102 -93 217 44 197 -240 159 -166 136 19 -162 -106 176 158 -157 179 80 -120 -39 85 50 -95 214 98 236 81 209 3 173 73 198 -28 -206 58 52 -58 -151 241 -25 15 -13 -129 142 14 -156 161 69 -215 -74 -135 -249 -65 -230 -4 -6 24 -225 -142 -10 -38 -186 150 -152 102 -2 247 -205 5 -72 114 -22 89 -217 -154 -243 -23 31 152 -101 -173 151 -201 -51 16 -155 -114 -14 34 -234 -235 17 38 9 -185 -76 -136 99 184 -33 96 -228 -31 -138 -159 6 62 30 -160 -244 26 193 -30 -48 47 0 -247 -79 123 59 243 -198 -232 45 -223 225 -43 -174 128 -233 -88 95 103 -66 -248 162 126 -112 -57 -126 106 18 -237 109 -53 13 155 28 -178 -183 194 -137 -52 220 -231 -242 113 43 117 153 71 212 -204 -26 219 35 8 170 188 242 20 235 93 2 67 -203 -8 84 -144 -86 37 -239 189 -176 134 -45 100 181 115 154 -80 -18 164 -182 -109 -226 -179 245 182 -87 208 -209 -161 97 -117 131 -113 -37 -49 -139 -177 124 244 -105 66 53 224 147 -70 -54 -89 -194 42 -67 -130 46 149 75 -164 -143 105 -140 144 207 215 57 -36 90 227 83 132 -229 230 -220 36 -188 171 -9 234 213 -213 32 -123 -100 112 101 41 108 157 -145 200 186 -199 129 -169 60 -193 10 -187 233 -77 228 1 210 168 -171 -32 138 -167 -202 192 116 232 119 172 167 190 -218 -238 -210 127 -55 40 -29 -91 -27 211 206 -125 51 70 -131 -118 -69 -15 -44 -35 -181 -192 174 -216 137 63 146 231 -214 -146 -149 77 -148 204 -56 -85 -124 -63 
TEST 15 ARG:72 -16 -73 -116 -46 -219 -84 -212 221 -94 145 107 76 156 48 122 216 -163 -224 -50 196 -122 -92 -172 240 -12 118 -189 -7 203 229 4 -40 205 125 -197 202 74 -41 175 195 222 140 -236 -221 -1 -3 -168 92 160 -200 82 166 12 177 239 -5 -184 -90 249 120 -165 68 143 -241 -133 148 87 -96 64 94 78 49 110 55 -98 -24 -180 -99 -59 218 -81 187 133 -195 185 -153 7 -207 -128 54 -103 -97 22 29 191 -60 165 180 -11 141 91 178 -83 111 -222 -250 104 33 -104 -227 -111 11 23 -34 56 -110 238 -208 65 135 -141 -78 -190 -211 -134 237 169 61 201 88 246 130 -158 139 -17 -62 21 -71 -64 248 -21 -196 226 -75 -150 199 -19 -170 -115 79 -121 -132 -127 121 -47 -191 -147 86 -107 -20 -42 25 -61 163 223 -175 -68 27 -246 39 183 -108 -82 -245 -119 -102 -93 217 44 197 -240 159 -166 136 19 -162 -106 176 158 -157 179 80 -120 -39 85 50 -95 214 98 236 81 209 3 173 73 198 -28 -206 58 52 -58 -151 241 -25 15 -13 -129 142 14 -156 161 69 -215 -74 -135 -249 -65 -230 -4 -6 24 -225 -142 -10 -38 -186 150 -152 102 -2 247 -205 5 -72 114 -22 89 -217 -154 -243 -23 31 152 -101 -173 151 -201 -51 16 -155 -114 -14 34 -234 -235 17 38 9 -185 -76 -136 99 184 -33 96 -228 -31 -138 -159 6 62 30 -160 -244 26 193 -30 -48 47 0 -247 -79 123 59 243 -198 -232 45 -223 225 -43 -174 128 -233 -88 95 103 -66 -248 162 126 -112 -57 -126 106 18 -237 109 -53 13 155 28 -178 -183 194 -137 -52 220 -231 -242 113 43 117 153 71 212 -204 -26 219 35 8 170 188 242 20 235 93 2 67 -203 -8 84 -144 -86 37 -239 189 -176 134 -45 100 181 115 154 -80 -18 164 -182 -109 -226 -179 245 182 -87 208 -209 -161 97 -117 131 -113 -37 -49 -139 -177 124 244 -105 66 53 224 147 -70 -54 -89 -194 42 -67 -130 46 149 75 -164 -143 105 -140 144 207 215 57 -36 90 227 83 132 -229 230 -220 36 -188 171 -9 234 213 -213 32 -123 -100 112 101 41 108 157 -145 200 186 -199 129 -169 60 -193 10 -187 233 -77 228 1 210 168 -171 -32 138 -167 -202 192 116 232 119 172 167 190 -218 -238 -210 127 -55 40 -29 -91 -27 211 206 -125 51 70 -131 -118 -69 -15 -44 -35 -181 -192 174 -216 137 63 146 231 -214 -146 -149 77 -148 204 -56 -85 -124 -63 
TEST 16 ARG:128 220 -120 87 18 172 -156 -237 190 -37 -238 -236 -132 -81 -178 -4 -235 -148 -224 -114 45 185 129 130 -104 175 123 -62 -166 207 -225 233 132 -155 -213 167 138 180 -191 -88 9 181 72 29 213 -196 -102 -220 99 -179 125 120 -30 -194 -103 -63 -117 163 -183 -84 139 -162 216 -123 -55 -149 25 -210 182 -32 -233 -66 -172 103 -190 -145 -39 153 229 -28 134 -128 -6 242 -94 -7 24 248 88 20 243 -42 -40 -89 84 -118 145 53 108 -187 -218 7 61 80 208 89 217 -59 -215 -152 -142 -87 135 -113 -8 47 107 -182 23 -23 109 -41 171 32 -105 187 -64 86 -168 27 78 146 215 -131 141 203 -125 -146 13 66 28 -242 236 97 -61 -83 85 218 127 112 239 -18 198 -80 -74 234 -73 -212 -244 -203 73 -108 4 -115 110 140 -170 -95 -232 -222 -106 -107 -51 230 100 -214 137 -245 133 46 26 -136 142 -186 93 -78 -126 189 -121 166 231 -241 -100 65 -70 156 157 126 238 -12 -69 -82 214 -137 34 -34 -29 -138 -181 -234 191 221 58 114 71 -167 -250 -151 -160 -127 -164 169 -98 -76 209 54 -33 104 117 111 50 232 -202 -46 -206 -226 -22 -36 -228 12 237 -169 -43 105 204 -1 151 -48 15 -109 98 -3 -247 -130 193 144 51 174 196 39 -21 6 75 63 -11 -71 113 -144 -79 -185 -177 90 160 225 -139 -184 48 152 -99 -77 102 226 55 -24 -239 0 119 -25 -193 77 154 -246 -173 192 246 124 -86 -14 186 -204 -27 -96 227 -52 -54 -219 -165 -57 67 240 -90 118 173 30 2 116 -45 10 -119 74 131 228 -67 -31 -147 161 83 -150 101 -129 212 -197 165 147 249 178 11 -248 70 -141 35 -189 14 -20 -19 194 59 -35 -2 82 -176 -111 247 79 210 -101 211 -207 -157 -133 159 -249 -229 -65 -140 -93 106 -221 223 -198 183 222 -205 -201 219 -154 -5 -230 121 40 41 -134 -180 -195 -243 17 64 -153 -217 57 -60 21 199 244 -223 -85 -15 115 56 68 155 -49 38 -10 -26 -53 60 -192 19 95 177 -208 -72 96 206 148 -97 36 5 -163 52 -209 -174 94 -231 -91 -188 143 170 81 188 -112 201 22 -171 -240 -227 -124 -58 136 122 -175 -110 224 -199 -159 -16 176 -158 69 179 -92 -161 202 33 -216 -9 8 200 43 -211 -75 150 42 184 1 164 92 168 197 31 162 205 -200 195 149 16 -50 -44 -13 3 241 91 -56 235 -122 -38 -17 -47 158 -116 62 44 -135 -68 76 245 37 -143 49 
TEST 16 ARG:128 220 -120 87 18 172 -156 -237 190 -37 -238 -236 -132 -81 -178 -4 -235 -148 -224 -114 45 185 129 130 -104 175 123 -62 -166 207 -225 233 132 -155 -213 167 138 180 -191 -88 9 181 72 29 213 -196 -102 -220 99 -179 125 120 -30 -194 -103 -63 -117 163 -183 -84 139 -162 216 -123 -55 -149 25 -210 182 -32 -233 -66 -172 103 -190 -145 -39 153 229 -28 134 -128 -6 242 -94 -7 24 248 88 20 243 -42 -40 -89 84 -118 145 53 108 -187 -218 7 61 80 208 89 217 -59 -215 -152 -142 -87 135 -113 -8 47 107 -182 23 -23 109 -41 171 32 -105 187 -64 86 -168 27 78 146 215 -131 141 203 -125 -146 13 66 28 -242 236 97 -61 -83 85 218 127 112 239 -18 198 -80 -74 234 -73 -212 -244 -203 73 -108 4 -115 110 140 -170 -95 -232 -222 -106 -107 -51 230 100 -214 137 -245 133 46 26 -136 142 -186 93 -78 -126 189 -121 166 231 -241 -100 65 -70 156 157 126 238 -12 -69 -82 214 -137 34 -34 -29 -138 -181 -234 191 221 58 114 71 -167 -250 -151 -160 -127 -164 169 -98 -76 209 54 -33 104 117 111 50 232 -202 -46 -206 -226 -22 -36 -228 12 237 -169 -43 105 204 -1 151 -48 15 -109 98 -3 -247 -130 193 144 51 174 196 39 -21 6 75 63 -11 -71 113 -144 -79 -185 -177 90 160 225 -139 -184 48 152 -99 -77 102 226 55 -24 -239 0 119 -25 -193 77 154 -246 -173 192 246 124 -86 -14 186 -204 -27 -96 227 -52 -54 -219 -165 -57 67 240 -90 118 173 30 2 116 -45 10 -119 74 131 228 -67 -31 -147 161 83 -150 101 -129 212 -197 165 147 249 178 11 -248 70 -141 35 -189 14 -20 -19 194 59 -35 -2 82 -176 -111 247 79 210 -101 211 -207 -157 -133 159 -249 -229 -65 -140 -93 106 -221 223 -198 183 222 -205 -201 219 -154 -5 -230 121 40 41 -134 -180 -195 -243 17 64 -153 -217 57 -60 21 199 244 -223 -85 -15 115 56 68 155 -49 38 -10 -26 -53 60 -192 19 95 177 -208 -72 96 206 148 -97 36 5 -163 52 -209 -174 94 -231 -91 -188 143 170 81 188 -112 201 22 -171 -240 -227 -124 -58 136 122 -175 -110 224 -199 -159 -16 176 -158 69 179 -92 -161 202 33 -216 -9 8 200 43 -211 -75 150 42 184 1 164 92 168 197 31 162 205 -200 195 149 16 -50 -44 -13 3 241 91 -56 235 -122 -38 -17 -47 158 -116 62 44 -135 -68 76 245 37 -143 49 
TEST 17 ARG:47 119 -89 175 49 136 198 159 -58 137 -197 -194 179 7 -140 100 -242 -157 -178 182 -163 -200 -135 -217 -41 166 -158 174 52 99 -236 -52 -219 138 116 -201 -69 106 -90 -73 168 -55 -62 54 -248 -9 206 -138 154 76 -244 140 133 170 178 20 -104 -94 -34 -149 -175 203 -42 29 192 -20 83 -159 227 -71 -125 117 -121 90 153 239 -66 200 -188 -37 -82 -110 -206 97 -54 -171 -150 55 215 -143 -117 163 8 233 196 19 152 230 184 -204 -234 42 197 22 -168 85 -202 -176 185 244 -59 -218 -183 -213 202 -227 -36 -67 -4 122 73 -95 -221 -123 -212 34 -50 -148 -28 5 -164 -107 -238 -83 101 107 -142 -8 158 45 183 -3 31 96 -106 243 -29 115 -220 145 209 6 -127 181 -32 144 59 -184 -35 -225 -182 -113 -162 235 -250 -103 14 223 229 -209 -39 -46 -47 36 176 57 12 -22 -153 -65 69 27 211 11 61 -87 -169 111 -203 -214 21 135 -119 113 -74 207 161 -224 -198 -10 -131 195 242 -222 62 -102 93 -177 -105 82 149 172 -174 -228 186 188 44 151 -130 -77 50 124 150 72 95 169 0 248 -92 234 221 -246 193 157 1 9 -2 -173 -193 -84 -118 40 60 -134 3 110 75 -195 -112 -247 -18 216 67 -208 134 -101 89 -57 -196 -147 -70 -51 -235 141 -48 -19 70 80 -230 41 190 -128 2 -154 225 -109 -17 147 247 -60 177 -187 -245 245 132 109 92 -85 10 246 104 210 130 125 48 -226 -129 -223 199 232 -26 237 35 30 -78 23 -136 -76 139 194 68 -243 -114 128 -160 16 -122 156 -207 38 -40 -189 -145 -45 164 127 -97 -13 37 224 -132 -146 -115 -23 32 4 -137 -210 -91 -216 -44 -49 -12 -21 -181 -64 167 -241 155 -116 160 -1 -93 -75 -229 64 53 191 -161 -31 43 -38 39 -61 91 189 -186 79 126 13 -191 214 -170 121 -133 -124 146 51 15 74 114 56 217 -167 205 -27 98 78 -190 103 -5 71 120 26 -33 219 -151 -63 -96 165 -80 142 81 131 238 58 -88 220 212 -86 -240 28 -144 -249 143 -79 -24 -156 241 -155 -139 187 -81 -141 -232 -192 -68 249 46 180 162 -126 -30 -215 118 -199 -25 -120 123 -231 -180 102 213 240 236 -239 173 -152 -99 112 63 -11 201 18 86 94 129 33 -15 -43 231 204 171 -233 108 -205 25 -166 66 -165 -56 208 88 24 228 -53 65 -111 105 -16 -179 -6 222 -108 148 -98 -172 87 84 218 -237 -211 226 77 -14 -7 -100 -185 -72 17 
TEST 17 ARG:47 119 -89 175 49 136 198 159 -58 137 -197 -194 179 7 -140 100 -242 -157 -178 182 -163 -200 -135 -217 -41 166 -158 174 52 99 -236 -52 -219 138 116 -201 -69 106 -90 -73 168 -55 -62 54 -248 -9 206 -138 154 76 -244 140 133 170 178 20 -104 -94 -34 -149 -175 203 -42 29 192 -20 83 -159 227 -71 -125 117 -121 90 153 239 -66 200 -188 -37 -82 -110 -206 97 -54 -171 -150 55 215 -143 -117 163 8 233 196 19 152 230 184 -204 -234 42 197 22 -168 85 -202 -176 185 244 -59 -218 -183 -213 202 -227 -36 -67 -4 122 73 -95 -221 -123 -212 34 -50 -148 -28 5 -164 -107 -238 -83 101 107 -142 -8 158 45 183 -3 31 96 -106 243 -29 115 -220 145 209 6 -127 181 -32 144 59 -184 -35 -225 -182 -113 -162 235 -250 -103 14 223 229 -209 -39 -46 -47 36 176 57 12 -22 -153 -65 69 27 211 11 61 -87 -169 111 -203 -214 21 135 -119 113 -74 207 161 -224 -198 -10 -131 195 242 -222 62 -102 93 -177 -105 82 149 172 -174 -228 186 188 44 151 -130 -77 50 124 150 72 95 169 0 248 -92 234 221 -246 193 157 1 9 -2 -173 -193 -84 -118 40 60 -134 3 110 75 -195 -112 -247 -18 216 67 -208 134 -101 89 -57 -196 -147 -70 -51 -235 141 -48 -19 70 80 -230 41 190 -128 2 -154 225 -109 -17 147 247 -60 177 -187 -245 245 132 109 92 -85 10 246 104 210 130 125 48 -226 -129 -223 199 232 -26 237 35 30 -78 23 -136 -76 139 194 68 -243 -114 128 -160 16 -122 156 -207 38 -40 -189 -145 -45 164 127 -97 -13 37 224 -132 -146 -115 -23 32 4 -137 -210 -91 -216 -44 -49 -12 -21 -181 -64 167 -241 155 -116 160 -1 -93 -75 -229 64 53 191 -161 -31 43 -38 39 -61 91 189 -186 79 126 13 -191 214 -170 121 -133 -124 146 51 15 74 114 56 217 -167 205 -27 98 78 -190 103 -5 71 120 26 -33 219 -151 -63 -96 165 -80 142 81 131 238 58 -88 220 212 -86 -240 28 -144 -249 143 -79 -24 -156 241 -155 -139 187 -81 -141 -232 -192 -68 249 46 180 162 -126 -30 -215 118 -199 -25 -120 123 -231 -180 102 213 240 236 -239 173 -152 -99 112 63 -11 201 18 86 94 129 33 -15 -43 231 204 171 -233 108 -205 25 -166 66 -165 -56 208 88 24 228 -53 65 -111 105 -16 -179 -6 222 -108 148 -98 -172 87 84 218 -237 -211 226 77 -14 -7 -100 -185 -72 17 
TEST 18 ARG:104 200 33 24 -184 220 189 236 37 82 108 184 -61 -79 244 221 31 -32 101 -206 -77 103 204 201 174 -11 -43 -60 193 -53 -232 89 -86 -99 3 116 -106 -234 62 -19 -239 -208 36 -197 -223 190 -59 -150 249 218 64 -101 9 -218 40 -72 208 57 -195 65 -170 77 49 -65 -89 166 74 -213 2 210 194 233 -83 38 -188 -21 -49 -119 114 -73 -217 -90 58 -130 -7 -201 -219 -204 -94 -123 143 72 -1 43 -222 -237 134 235 -116 183 -24 136 161 186 -121 50 -224 55 106 -149 -191 -74 192 -214 173 -227 -205 88 -181 -246 155 -127 219 98 -10 226 225 -105 153 66 202 -68 -180 229 13 195 80 160 209 87 -42 -25 -174 60 -93 -193 -250 -182 239 35 175 -84 6 -111 -220 97 118 141 -207 205 140 -209 99 -136 -199 11 162 -88 206 -37 -248 121 91 -147 51 63 115 -38 242 1 154 215 -124 29 42 198 -107 247 -185 223 149 -228 -4 -62 -163 32 167 -122 232 -57 214 -55 -102 -164 -75 -215 -69 52 -230 -48 -66 -154 -187 -117 -44 -96 191 -194 -110 158 129 -112 -29 -173 -186 -142 -108 211 105 197 165 39 -14 -138 7 120 93 228 245 69 25 -161 -244 -115 -179 217 -178 92 28 -97 48 30 216 240 -229 123 179 203 56 100 -166 238 -203 -236 85 -160 -22 -17 8 -71 21 -51 -211 70 164 44 -169 -50 119 73 181 178 168 -64 147 222 -158 -67 -231 -27 -131 -210 -140 -91 145 -240 34 131 -242 144 -30 -126 169 -98 213 176 188 86 156 159 117 227 -34 -135 177 67 61 23 94 -241 83 -245 -212 127 -162 -176 16 -183 -128 -233 248 170 15 -80 126 125 124 246 -139 185 71 234 243 -134 -36 -12 -15 -82 -249 150 -120 4 46 172 -45 10 148 -157 47 -190 171 212 -47 -63 187 -196 132 -159 -46 -95 231 -114 146 -153 18 -33 -129 -148 199 111 -26 -8 -78 151 135 196 0 -58 180 -109 -156 -151 -152 17 -202 90 139 27 45 -177 54 -155 -20 20 -70 109 152 102 75 -225 -168 -172 81 -145 113 -133 138 -2 -92 -118 142 14 -192 157 -31 95 -103 -6 68 26 -146 -226 78 -132 -189 -137 207 22 -175 -52 130 59 -85 -39 -41 5 -3 -54 182 -125 237 122 96 -18 -238 230 163 -9 112 -40 -167 -143 -144 -235 137 -104 79 53 110 133 -198 -23 -81 -171 -35 -16 19 -165 241 224 12 -216 76 -243 -221 84 -28 128 -113 -87 -5 -56 -247 -100 107 -200 -13 41 -76 -141 
TEST 18 ARG:104 200 33 24 -184 220 189 236 37 82 108 184 -61 -79 244 221 31 -32 101 -206 -77 103 204 201 174 -11 -43 -60 193 -53 -232 89 -86 -99 3 116 -106 -234 62 -19 -239 -208 36 -197 -223 190 -59 -150 249 218 64 -101 9 -218 40 -72 208 57 -195 65 -170 77 49 -65 -89 166 74 -213 2 210 194 233 -83 38 -188 -21 -49 -119 114 -73 -217 -90 58 -130 -7 -201 -219 -204 -94 -123 143 72 -1 43 -222 -237 134 235 -116 183 -24 136 161 186 -121 50 -224 55 106 -149 -191 -74 192 -214 173 -227 -205 88 -181 -246 155 -127 219 98 -10 226 225 -105 153 66 202 -68 -180 229 13 195 80 160 209 87 -42 -25 -174 60 -93 -193 -250 -182 239 35 175 -84 6 -111 -220 97 118 141 -207 205 140 -209 99 -136 -199 11 162 -88 206 -37 -248 121 91 -147 51 63 115 -38 242 1 154 215 -124 29 42 198 -107 247 -185 223 149 -228 -4 -62 -163 32 167 -122 232 -57 214 -55 -102 -164 -75 -215 -69 52 -230 -48 -66 -154 -187 -117 -44 -96 191 -194 -110 158 129 -112 -29 -173 -186 -142 -108 211 105 197 165 39 -14 -138 7 120 93 228 245 69 25 -161 -244 -115 -179 217 -178 92 28 -97 48 30 216 240 -229 123 179 203 56 100 -166 238 -203 -236 85 -160 -22 -17 8 -71 21 -51 -211 70 164 44 -169 -50 119 73 181 178 168 -64 147 222 -158 -67 -231 -27 -131 -210 -140 -91 145 -240 34 131 -242 144 -30 -126 169 -98 213 176 188 86 156 159 117 227 -34 -135 177 67 61 23 94 -241 83 -245 -212 127 -162 -176 16 -183 -128 -233 248 170 15 -80 126 125 124 246 -139 185 71 234 243 -134 -36 -12 -15 -82 -249 150 -120 4 46 172 -45 10 148 -157 47 -190 171 212 -47 -63 187 -196 132 -159 -46 -95 231 -114 146 -153 18 -33 -129 -148 199 111 -26 -8 -78 151 135 196 0 -58 180 -109 -156 -151 -152 17 -202 90 139 27 45 -177 54 -155 -20 20 -70 109 152 102 75 -225 -168 -172 81 -145 113 -133 138 -2 -92 -118 142 14 -192 157 -31 95 -103 -6 68 26 -146 -226 78 -132 -189 -137 207 22 -175 -52 130 59 -85 -39 -41 5 -3 -54 182 -125 237 122 96 -18 -238 230 163 -9 112 -40 -167 -143 -144 -235 137 -104 79 53 110 133 -198 -23 -81 -171 -35 -16 19 -165 241 224 12 -216 76 -243 -221 84 -28 128 -113 -87 -5 -56 -247 -100 107 -200 -13 41 -76 -141 
TEST 19 ARG:-77 -233 -27 184 -102 153 -64 54 -70 -193 -236 118 149 -15 111 -177 -32 244 -218 134 174 150 -237 -43 11 198 137 -72 -66 21 -225 -238 -38 -55 -212 29 36 18 131 215 -199 -172 86 144 108 -202 20 -1 -168 230 -110 -76 63 157 15 -165 -145 27 -25 -45 68 -248 -79 107 207 -160 -240 -239 45 102 138 194 -48 80 64 213 205 242 -39 -86 -151 -49 103 106 156 101 -61 -214 -247 -188 223 -41 -143 -227 38 4 -124 -11 -108 159 175 9 2 214 85 206 234 -56 43 -104 -195 145 31 136 -204 13 83 -42 -117 24 -2 179 -67 209 112 105 -84 -81 232 81 -97 -135 181 50 57 -191 180 -123 176 87 -101 186 188 227 -249 141 79 -139 92 34 -164 42 241 -120 47 -196 125 71 -170 229 77 74 -20 -34 -92 -113 182 -125 117 97 203 204 -167 -136 -190 -133 219 -80 104 -208 -211 -205 -37 -209 115 191 -175 -68 -107 52 -8 -228 -132 -5 121 48 192 123 -74 124 -119 -220 -185 -128 139 -171 235 6 -85 -7 -189 -144 -93 169 -243 -207 -142 1 14 -90 96 -115 195 -156 -180 -242 -3 -161 -182 -12 -186 -21 -4 -91 -95 -65 168 -71 -98 -140 91 -96 -17 -99 247 -221 171 114 246 120 133 -149 -235 -78 -198 -73 90 224 73 -46 -60 245 -166 172 249 22 228 72 147 7 62 162 -16 -234 -181 -241 231 146 58 142 -215 -40 -250 -152 129 113 -157 84 -150 -35 -127 -126 226 -206 -174 -219 -87 23 193 -106 -51 155 89 -122 -134 82 212 119 0 28 60 116 -183 -36 -103 -82 -130 -155 -179 -194 -131 236 76 -216 70 173 -63 -222 26 -100 -224 199 37 32 183 30 135 -159 -62 -210 -57 -94 216 -213 197 -58 19 49 -226 -187 -30 210 243 -184 100 151 -19 8 41 -10 94 -137 -217 127 -88 69 -59 -232 -223 200 143 -231 187 -203 233 218 128 -83 -121 -244 39 -118 65 -22 40 -141 78 -146 -13 -230 -114 -116 -153 160 140 240 66 211 -44 35 98 61 220 122 -50 -173 -246 -138 177 5 -69 158 -245 202 163 166 -129 -75 93 75 222 -24 221 17 -33 -148 208 -105 167 -18 -178 51 237 -176 -29 -31 33 -26 248 88 -111 130 -154 109 -52 53 16 67 -28 217 -54 -112 -162 238 -47 -9 196 -197 25 12 170 10 -6 -89 239 99 95 -14 -163 44 185 178 161 110 3 -192 201 -158 164 225 189 56 148 -109 126 165 -53 -23 -201 -147 -200 59 152 190 132 -229 46 55 -169 154 
TEST 19 ARG:-77 -233 -27 184 -102 153 -64 54 -70 -193 -236 118 149 -15 111 -177 -32 244 -218 134 174 150 -237 -43 11 198 137 -72 -66 21 -225 -238 -38 -55 -212 29 36 18 131 215 -199 -172 86 144 108 -202 20 -1 -168 230 -110 -76 63 157 15 -165 -145 27 -25 -45 68 -248 -79 107 207 -160 -240 -239 45 102 138 194 -48 80 64 213 205 242 -39 -86 -151 -49 103 106 156 101 -61 -214 -247 -188 223 -41 -143 -227 38 4 -124 -11 -108 159 175 9 2 214 85 206 234 -56 43 -104 -195 145 31 136 -204 13 83 -42 -117 24 -2 179 -67 209 112 105 -84 -81 232 81 -97 -135 181 50 57 -191 180 -123 176 87 -101 186 188 227 -249 141 79 -139 92 34 -164 42 241 -120 47 -196 125 71 -170 229 77 74 -20 -34 -92 -113 182 -125 117 97 203 204 -167 -136 -190 -133 219 -80 104 -208 -211 -205 -37 -209 115 191 -175 -68 -107 52 -8 -228 -132 -5 121 48 192 123 -74 124 -119 -220 -185 -128 139 -171 235 6 -85 -7 -189 -144 -93 169 -243 -207 -142 1 14 -90 96 -115 195 -156 -180 -242 -3 -161 -182 -12 -186 -21 -4 -91 -95 -65 168 -71 -98 -140 91 -96 -17 -99 247 -221 171 114 246 120 133 -149 -235 -78 -198 -73 90 224 73 -46 -60 245 -166 172 249 22 228 72 147 7 62 162 -16 -234 -181 -241 231 146 58 142 -215 -40 -250 -152 129 113 -157 84 -150 -35 -127 -126 226 -206 -174 -219 -87 23 193 -106 -51 155 89 -122 -134 82 212 119 0 28 60 116 -183 -36 -103 -82 -130 -155 -179 -194 -131 236 76 -216 70 173 -63 -222 26 -100 -224 199 37 32 183 30 135 -159 -62 -210 -57 -94 216 -213 197 -58 19 49 -226 -187 -30 210 243 -184 100 151 -19 8 41 -10 94 -137 -217 127 -88 69 -59 -232 -223 200 143 -231 187 -203 233 218 128 -83 -121 -244 39 -118 65 -22 40 -141 78 -146 -13 -230 -114 -116 -153 160 140 240 66 211 -44 35 98 61 220 122 -50 -173 -246 -138 177 5 -69 158 -245 202 163 166 -129 -75 93 75 222 -24 221 17 -33 -148 208 -105 167 -18 -178 51 237 -176 -29 -31 33 -26 248 88 -111 130 -154 109 -52 53 16 67 -28 217 -54 -112 -162 238 -47 -9 196 -197 25 12 170 10 -6 -89 239 99 95 -14 -163 44 185 178 161 110 3 -192 201 -158 164 225 189 56 148 -109 126 165 -53 -23 -201 -147 -200 59 152 190 132 -229 46 55 -169 154 
TEST 20 ARG:170 11 -181 96 130 237 239 -199 -80 -206 -131 -25 -188 30 -124 179 -175 64 -159 -229 113 104 -37 136 -55 246 155 37 159 -133 105 -33 224 -97 -241 -139 4 -161 -93 23 44 10 36 -46 229 -187 26 -127 88 -234 243 -183 40 1 -126 -137 238 -194 -77 -163 147 189 -230 248 -44 -208 231 115 112 118 -29 -63 -50 18 28 -162 171 -151 143 -235 -226 99 172 245 -149 93 -96 -30 -53 -143 -22 80 35 167 -98 -38 -4 110 82 7 75 -178 233 132 -128 194 -197 -203 -173 -176 -214 -239 -3 72 -202 154 196 -122 -60 -15 120 -7 -109 -136 -140 216 -11 -125 168 -147 183 -219 208 -112 -49 -174 151 -48 223 -52 139 -17 186 -157 17 -156 -26 187 20 -68 -184 221 185 175 -119 169 -186 24 173 76 210 202 -243 162 85 -231 -144 55 -104 114 153 102 -145 -85 -165 -246 160 -224 39 218 -73 145 -212 -14 -117 -233 -167 -232 -209 116 -76 21 5 -108 128 242 -207 180 -71 70 193 92 -13 56 108 6 -57 249 49 87 -72 235 -201 -111 148 -66 -238 -218 -105 16 149 -6 -2 -211 -8 -114 -227 66 65 -216 140 -89 -61 -223 -171 51 -94 41 -69 156 -204 -225 247 219 244 -10 197 -177 -81 86 -62 -19 13 73 158 -47 -130 89 -102 -191 -83 29 150 161 -220 -74 121 215 -65 122 240 -142 -100 -141 106 -135 81 -27 48 95 -134 107 84 -237 -28 -250 -148 137 -18 131 200 57 -249 -31 -24 123 228 100 -170 -123 157 54 126 -164 -103 -116 -179 -82 109 94 -78 -45 127 226 181 -115 232 -182 138 97 -198 63 -121 45 79 -75 -129 192 -101 195 60 -213 -110 46 19 71 176 129 -118 -41 -59 135 207 83 125 74 184 -210 163 78 203 -132 2 -193 14 -242 12 91 68 -146 225 164 -248 52 117 -20 234 236 -79 144 -236 27 61 33 -120 -95 198 77 220 217 191 31 9 -138 42 -43 -228 206 -200 111 211 -39 53 -67 34 22 69 -106 227 -244 0 142 -54 58 222 146 90 -99 -23 38 -185 141 -155 -150 15 -21 -90 59 -87 -56 204 -205 -172 -32 119 -64 47 -91 -152 166 -34 -58 67 -180 -1 178 165 213 177 43 -113 -196 -158 25 212 -9 230 -245 -168 98 214 3 134 -240 -221 -166 62 133 -51 -215 -88 -36 -192 205 -40 -107 -190 188 -217 209 174 -189 -160 -222 -84 -153 -86 199 124 -5 -169 -195 190 32 241 201 50 -16 -70 152 -42 -154 8 -12 -247 101 -35 182 103 -92 
TEST 20 ARG:170 11 -181 96 130 237 239 -199 -80 -206 -131 -25 -188 30 -124 179 -175 64 -159 -229 113 104 -37 136 -55 246 155 37 159 -133 105 -33 224 -97 -241 -139 4 -161 -93 23 44 10 36 -46 229 -187 26 -127 88 -234 243 -183 40 1 -126 -137 238 -194 -77 -163 147 189 -230 248 -44 -208 231 115 112 118 -29 -63 -50 18 28 -162 171 -151 143 -235 -226 99 172 245 -149 93 -96 -30 -53 -143 -22 80 35 167 -98 -38 -4 110 82 7 75 -178 233 132 -128 194 -197 -203 -173 -176 -214 -239 -3 72 -202 154 196 -122 -60 -15 120 -7 -109 -136 -140 216 -11 -125 168 -147 183 -219 208 -112 -49 -174 151 -48 223 -52 139 -17 186 -157 17 -156 -26 187 20 -68 -184 221 185 175 -119 169 -186 24 173 76 210 202 -243 162 85 -231 -144 55 -104 114 153 102 -145 -85 -165 -246 160 -224 39 218 -73 145 -212 -14 -117 -233 -167 -232 -209 116 -76 21 5 -108 128 242 -207 180 -71 70 193 92 -13 56 108 6 -57 249 49 87 -72 235 -201 -111 148 -66 -238 -218 -105 16 149 -6 -2 -211 -8 -114 -227 66 65 -216 140 -89 -61 -223 -171 51 -94 41 -69 156 -204 -225 247 219 244 -10 197 -177 -81 86 -62 -19 13 73 158 -47 -130 89 -102 -191 -83 29 150 161 -220 -74 121 215 -65 122 240 -142 -100 -141 106 -135 81 -27 48 95 -134 107 84 -237 -28 -250 -148 137 -18 131 200 57 -249 -31 -24 123 228 100 -170 -123 157 54 126 -164 -103 -116 -179 -82 109 94 -78 -45 127 226 181 -115 232 -182 138 97 -198 63 -121 45 79 -75 -129 192 -101 195 60 -213 -110 46 19 71 176 129 -118 -41 -59 135 207 83 125 74 184 -210 163 78 203 -132 2 -193 14 -242 12 91 68 -146 225 164 -248 52 117 -20 234 236 -79 144 -236 27 61 33 -120 -95 198 77 220 217 191 31 9 -138 42 -43 -228 206 -200 111 211 -39 53 -67 34 22 69 -106 227 -244 0 142 -54 58 222 146 90 -99 -23 38 -185 141 -155 -150 15 -21 -90 59 -87 -56 204 -205 -172 -32 119 -64 47 -91 -152 166 -34 -58 67 -180 -1 178 165 213 177 43 -113 -196 -158 25 212 -9 230 -245 -168 98 214 3 134 -240 -221 -166 62 133 -51 -215 -88 -36 -192 205 -40 -107 -190 188 -217 209 174 -189 -160 -222 -84 -153 -86 199 124 -5 -169 -195 190 32 241 201 50 -16 -70 152 -42 -154 8 -12 -247 101 -35 182 103 -92 
TEST 21 ARG:91 35 -107 153 -138 -197 125 2 133 150 77 66 -90 192 -109 -6 -237 176 44 19 -116 -193 36 -51 230 24 -190 -34 34 -40 -223 61 173 -54 134 25 222 39 -46 -137 70 148 -21 -94 64 76 102 132 59 58 -241 213 -72 21 -225 -184 79 -191 57 -141 -59 227 246 -189 -172 -179 177 43 121 -203 1 219 -186 189 130 200 -185 -80 -82 48 118 -101 0 -247 62 197 -229 -174 135 -199 85 184 182 226 -219 -13 82 129 -136 210 53 80 98 -4 -148 -64 -7 32 -89 171 -93 -231 -79 50 116 -63 -176 181 141 5 3 23 161 -245 -147 119 -204 231 -194 90 -27 -121 -170 -43 -159 -165 -169 -162 16 140 30 41 248 215 -31 -76 -180 -218 191 -100 190 -163 67 128 -36 -56 145 158 -239 -112 -62 92 54 -215 123 83 -24 -145 -49 174 81 -160 -48 -95 196 111 55 -235 -149 15 -74 -216 166 106 -182 33 -39 -139 -151 -73 187 -45 172 -92 -77 -146 -18 -119 146 154 236 -220 163 137 -133 -23 93 -126 -33 156 -20 -32 -87 195 -5 74 207 152 56 105 99 -55 214 -29 -236 204 -150 -135 -221 -177 249 108 -17 40 -129 -152 -67 131 117 180 95 96 -161 -114 60 194 -9 198 143 6 162 20 164 -30 -181 -230 241 -157 157 -222 238 109 -3 94 -227 183 -10 -41 -83 26 -196 -70 202 235 110 -14 175 201 -108 75 -124 89 -66 247 -58 168 -175 -115 229 -96 -243 244 -122 232 206 -120 113 234 209 71 193 -61 221 28 211 -164 -250 -248 -111 -88 -91 -19 165 86 104 11 -208 188 185 218 120 212 -238 -217 27 -130 -78 -123 -234 13 -140 -113 -168 9 -38 127 203 -200 -212 29 178 -99 -25 -242 -156 14 97 -205 199 38 45 -57 -68 122 -246 224 208 -47 144 -8 115 -86 -232 103 -16 88 -155 -15 114 -154 31 -226 112 -118 217 -35 78 -209 -214 136 159 68 -206 -26 -102 -171 73 101 42 -103 -52 -85 -201 -69 -125 37 -75 139 -233 -192 -228 -195 243 -106 -207 65 216 239 -132 -104 -166 186 -127 8 149 87 205 142 -2 -178 -128 124 -11 69 -105 -37 169 -28 220 147 72 -84 223 46 -210 84 63 -97 -187 -117 233 237 107 -1 -153 -110 4 -71 -98 138 -198 -22 -134 -143 225 12 240 52 167 -60 -144 -53 -188 -167 160 245 -244 18 -50 47 242 -158 179 10 126 -249 151 228 -44 -224 -131 7 -42 155 -81 170 51 -12 100 -65 -240 49 -173 22 -202 -183 -211 -142 17 -213 
TEST 21 ARG:91 35 -107 153 -138 -197 125 2 133 150 77 66 -90 192 -109 -6 -237 176 44 19 -116 -193 36 -51 230 24 -190 -34 34 -40 -223 61 173 -54 134 25 222 39 -46 -137 70 148 -21 -94 64 76 102 132 59 58 -241 213 -72 21 -225 -184 79 -191 57 -141 -59 227 246 -189 -172 -179 177 43 121 -203 1 219 -186 189 130 200 -185 -80 -82 48 118 -101 0 -247 62 197 -229 -174 135 -199 85 184 182 226 -219 -13 82 129 -136 210 53 80 98 -4 -148 -64 -7 32 -89 171 -93 -231 -79 50 116 -63 -176 181 141 5 3 23 161 -245 -147 119 -204 231 -194 90 -27 -121 -170 -43 -159 -165 -169 -162 16 140 30 41 248 215 -31 -76 -180 -218 191 -100 190 -163 67 128 -36 -56 145 158 -239 -112 -62 92 54 -215 123 83 -24 -145 -49 174 81 -160 -48 -95 196 111 55 -235 -149 15 -74 -216 166 106 -182 33 -39 -139 -151 -73 187 -45 172 -92 -77 -146 -18 -119 146 154 236 -220 163 137 -133 -23 93 -126 -33 156 -20 -32 -87 195 -5 74 207 152 56 105 99 -55 214 -29 -236 204 -150 -135 -221 -177 249 108 -17 40 -129 -152 -67 131 117 180 95 96 -161 -114 60 194 -9 198 143 6 162 20 164 -30 -181 -230 241 -157 157 -222 238 109 -3 94 -227 183 -10 -41 -83 26 -196 -70 202 235 110 -14 175 201 -108 75 -124 89 -66 247 -58 168 -175 -115 229 -96 -243 244 -122 232 206 -120 113 234 209 71 193 -61 221 28 211 -164 -250 -248 -111 -88 -91 -19 165 86 104 11 -208 188 185 218 120 212 -238 -217 27 -130 -78 -123 -234 13 -140 -113 -168 9 -38 127 203 -200 -212 29 178 -99 -25 -242 -156 14 97 -205 199 38 45 -57 -68 122 -246 224 208 -47 144 -8 115 -86 -232 103 -16 88 -155 -15 114 -154 31 -226 112 -118 217 -35 78 -209 -214 136 159 68 -206 -26 -102 -171 73 101 42 -103 -52 -85 -201 -69 -125 37 -75 139 -233 -192 -228 -195 243 -106 -207 65 216 239 -132 -104 -166 186 -127 8 149 87 205 142 -2 -178 -128 124 -11 69 -105 -37 169 -28 220 147 72 -84 223 46 -210 84 63 -97 -187 -117 233 237 107 -1 -153 -110 4 -71 -98 138 -198 -22 -134 -143 225 12 240 52 167 -60 -144 -53 -188 -167 160 245 -244 18 -50 47 242 -158 179 10 126 -249 151 228 -44 -224 -131 7 -42 155 -81 170 51 -12 100 -65 -240 49 -173 22 -202 -183 -211 -142 17 -213 
TEST 22 ARG:44 -188 98 -149 -126 65 73 -161 132 -194 -87 -48 -179 -70 99 74 12 210 -232 108 9 -203 28 139 208 -208 -175 43 147 -227 -132 -15 -200 -233 -130 179 -101 232 7 77 -153 -18 -21 56 136 -121 -238 220 -7 -133 171 79 161 187 -94 167 -17 30 -108 75 -135 95 -116 156 -120 197 -32 64 24 51 248 163 -1 -90 229 -110 138 20 -59 57 -152 -95 -123 47 80 -4 70 -141 29 121 -56 -222 -99 233 -36 66 82 172 -38 61 -44 10 -19 109 144 18 -23 45 -128 -183 178 -186 -144 -100 227 -81 -193 -146 -151 -6 -173 32 89 140 -209 -157 -244 -212 128 137 -171 221 -148 141 131 -122 177 209 -159 4 92 -84 -107 86 -37 126 67 203 62 -119 102 127 -45 -169 -103 -189 -160 -63 76 -41 -11 -213 -75 -76 -3 54 83 90 -104 40 125 123 124 -42 -150 106 31 218 38 174 184 -43 -166 244 -61 -8 246 -60 223 -245 5 152 94 41 53 -124 -235 129 -143 -112 217 -234 213 -196 -24 -53 -224 -134 -139 114 -85 -113 -79 162 -66 -109 -154 110 135 -131 -72 -39 59 -147 37 -96 241 -20 -240 -163 -191 -204 -82 88 -118 245 166 116 115 150 211 158 117 63 14 194 240 -98 225 -242 -199 -46 -145 3 93 -172 226 -73 202 -31 -55 -229 -29 -92 -216 154 84 81 -137 -178 -180 -243 -205 2 -156 105 -127 230 23 71 -168 205 142 192 -211 -187 196 -174 173 69 228 -185 -28 195 -195 39 96 -237 -226 -239 148 1 11 26 231 -170 -218 188 113 169 122 -182 19 -52 -105 17 215 -91 -111 35 -198 -129 201 52 155 -223 207 -115 22 -250 157 159 60 -114 -49 49 91 16 170 33 219 -215 101 175 0 -67 112 -9 182 160 -22 247 243 -62 -33 -74 193 -136 -167 72 8 -181 212 27 134 36 153 176 85 -220 -207 -192 -78 -155 234 -88 -164 149 -225 87 -80 6 -58 13 -30 -102 185 130 -16 236 -34 -246 50 -71 -201 34 97 -54 -5 -197 107 103 -249 -206 189 25 133 146 191 -162 -190 -158 48 235 237 -247 78 -248 -65 -93 -230 181 242 68 -97 224 222 -2 -117 238 58 -89 111 -106 100 198 -177 200 183 199 190 -140 -35 168 204 -57 42 -83 -10 -165 55 186 -40 -219 -142 -68 151 -214 -13 104 -221 119 120 -25 239 -176 -50 -64 216 -77 21 165 -69 -12 -26 145 118 -14 15 -210 214 -125 -47 206 249 -138 143 -231 -51 180 46 -202 -184 -241 -27 164 -228 -86 -236 -217 
TEST 22 ARG:44 -188 98 -149 -126 65 73 -161 132 -194 -87 -48 -179 -70 99 74 12 210 -232 108 9 -203 28 139 208 -208 -175 43 147 -227 -132 -15 -200 -233 -130 179 -101 232 7 77 -153 -18 -21 56 136 -121 -238 220 -7 -133 171 79 161 187 -94 167 -17 30 -108 75 -135 95 -116 156 -120 197 -32 64 24 51 248 163 -1 -90 229 -110 138 20 -59 57 -152 -95 -123 47 80 -4 70 -141 29 121 -56 -222 -99 233 -36 66 82 172 -38 61 -44 10 -19 109 144 18 -23 45 -128 -183 178 -186 -144 -100 227 -81 -193 -146 -151 -6 -173 32 89 140 -209 -157 -244 -212 128 137 -171 221 -148 141 131 -122 177 209 -159 4 92 -84 -107 86 -37 126 67 203 62 -119 102 127 -45 -169 -103 -189 -160 -63 76 -41 -11 -213 -75 -76 -3 54 83 90 -104 40 125 123 124 -42 -150 106 31 218 38 174 184 -43 -166 244 -61 -8 246 -60 223 -245 5 152 94 41 53 -124 -235 129 -143 -112 217 -234 213 -196 -24 -53 -224 -134 -139 114 -85 -113 -79 162 -66 -109 -154 110 135 -131 -72 -39 59 -147 37 -96 241 -20 -240 -163 -191 -204 -82 88 -118 245 166 116 115 150 211 158 117 63 14 194 240 -98 225 -242 -199 -46 -145 3 93 -172 226 -73 202 -31 -55 -229 -29 -92 -216 154 84 81 -137 -178 -180 -243 -205 2 -156 105 -127 230 23 71 -168 205 142 192 -211 -187 196 -174 173 69 228 -185 -28 195 -195 39 96 -237 -226 -239 148 1 11 26 231 -170 -218 188 113 169 122 -182 19 -52 -105 17 215 -91 -111 35 -198 -129 201 52 155 -223 207 -115 22 -250 157 159 60 -114 -49 49 91 16 170 33 219 -215 101 175 0 -67 112 -9 182 160 -22 247 243 -62 -33 -74 193 -136 -167 72 8 -181 212 27 134 36 153 176 85 -220 -207 -192 -78 -155 234 -88 -164 149 -225 87 -80 6 -58 13 -30 -102 185 130 -16 236 -34 -246 50 -71 -201 34 97 -54 -5 -197 107 103 -249 -206 189 25 133 146 191 -162 -190 -158 48 235 237 -247 78 -248 -65 -93 -230 181 242 68 -97 224 222 -2 -117 238 58 -89 111 -106 100 198 -177 200 183 199 190 -140 -35 168 204 -57 42 -83 -10 -165 55 186 -40 -219 -142 -68 151 -214 -13 104 -221 119 120 -25 239 -176 -50 -64 216 -77 21 165 -69 -12 -26 145 118 -14 15 -210 214 -125 -47 206 249 -138 143 -231 -51 180 46 -202 -184 -241 -27 164 -228 -86 -236 -217 
TEST 23 ARG:88 22 34 -229 -141 111 -68 -137 157 25 -44 -35 58 -170 213 63 -184 -25 173 1 -109 142 194 202 214 -115 -29 97 -117 -189 109 244 219 -12 223 -233 18 -135 195 103 -67 -250 -59 -226 -75 51 -30 172 -71 100 52 -202 -1 139 19 33 -161 6 68 230 196 -84 -18 -132 -196 79 164 4 3 -70 27 53 136 -97 187 113 150 -157 -40 146 124 -39 163 -69 -176 205 -139 -28 48 122 155 86 -158 94 210 161 55 -179 -218 -11 -205 115 -192 175 -14 92 246 -134 -152 -150 -182 191 -160 9 -19 75 -213 133 -200 20 91 -198 82 -249 83 29 220 -93 183 -91 -153 70 134 218 -204 56 14 -95 -180 -127 -214 -236 -211 199 -194 193 28 10 132 -199 -172 -112 44 76 99 -159 65 224 -47 71 11 -20 170 45 249 -221 59 -209 -186 -98 -100 -50 81 36 -234 -106 112 -123 -9 -144 -174 238 -119 -248 -52 243 -167 -243 -37 154 -138 -43 171 -155 -45 234 -142 77 158 145 46 118 106 -3 125 169 -148 -185 -79 -246 -130 -15 -216 126 -80 -215 -81 31 -210 -166 123 -207 174 39 -151 -231 180 -94 -6 47 -31 30 -164 -206 229 74 -228 64 -21 144 57 200 228 152 -7 -219 -143 -125 235 -42 12 49 212 167 21 -55 -2 140 184 89 -102 165 231 -201 -107 178 225 168 85 159 -227 176 211 -118 96 247 -239 -190 248 -121 233 -33 -99 -145 -140 -41 -193 141 -133 -5 -187 -38 -178 -85 192 -54 -175 95 -56 93 98 -27 107 16 117 206 26 -183 -103 -8 156 -124 130 -195 -32 -247 -238 240 -222 -96 -105 23 -48 -230 -232 2 188 -171 237 8 -82 35 -62 227 -241 203 41 -224 -154 -24 -72 226 -46 129 -168 -191 67 -177 -66 185 -76 -60 153 0 38 -89 -61 50 -126 -242 66 72 162 108 215 204 -188 182 -122 148 121 61 190 -237 80 -111 131 151 -244 -104 37 17 -77 -212 -34 -181 -217 -208 -235 78 242 -90 -53 217 -165 69 43 177 147 -49 -129 -163 42 116 90 236 -108 197 -203 216 -17 101 62 -4 5 -147 -220 40 189 -131 -57 128 7 208 209 54 -26 84 -169 -240 87 -63 -225 -65 -149 -245 -162 -86 -51 24 137 166 114 127 186 -64 198 241 -197 104 102 221 -110 110 207 -116 -114 135 232 119 -156 181 105 245 32 -92 -74 -22 15 120 -88 -173 -58 -136 73 143 222 -223 13 -78 60 179 -13 -128 -16 149 138 -83 -10 -36 -101 201 -87 -146 239 160 -23 -73 -113 -120 
TEST 23 ARG:88 22 34 -229 -141 111 -68 -137 157 25 -44 -35 58 -170 213 63 -184 -25 173 1 -109 142 194 202 214 -115 -29 97 -117 -189 109 244 219 -12 223 -233 18 -135 195 103 -67 -250 -59 -226 -75 51 -30 172 -71 100 52 -202 -1 139 19 33 -161 6 68 230 196 -84 -18 -132 -196 79 164 4 3 -70 27 53 136 -97 187 113 150 -157 -40 146 124 -39 163 -69 -176 205 -139 -28 48 122 155 86 -158 94 210 161 55 -179 -218 -11 -205 115 -192 175 -14 92 246 -134 -152 -150 -182 191 -160 9 -19 75 -213 133 -200 20 91 -198 82 -249 83 29 220 -93 183 -91 -153 70 134 218 -204 56 14 -95 -180 -127 -214 -236 -211 199 -194 193 28 10 132 -199 -172 -112 44 76 99 -159 65 224 -47 71 11 -20 170 45 249 -221 59 -209 -186 -98 -100 -50 81 36 -234 -106 112 -123 -9 -144 -174 238 -119 -248 -52 243 -167 -243 -37 154 -138 -43 171 -155 -45 234 -142 77 158 145 46 118 106 -3 125 169 -148 -185 -79 -246 -130 -15 -216 126 -80 -215 -81 31 -210 -166 123 -207 174 39 -151 -231 180 -94 -6 47 -31 30 -164 -206 229 74 -228 64 -21 144 57 200 228 152 -7 -219 -143 -125 235 -42 12 49 212 167 21 -55 -2 140 184 89 -102 165 231 -201 -107 178 225 168 85 159 -227 176 211 -118 96 247 -239 -190 248 -121 233 -33 -99 -145 -140 -41 -193 141 -133 -5 -187 -38 -178 -85 192 -54 -175 95 -56 93 98 -27 107 16 117 206 26 -183 -103 -8 156 -124 130 -195 -32 -247 -238 240 -222 -96 -105 23 -48 -230 -232 2 188 -171 237 8 -82 35 -62 227 -241 203 41 -224 -154 -24 -72 226 -46 129 -168 -191 67 -177 -66 185 -76 -60 153 0 38 -89 -61 50 -126 -242 66 72 162 108 215 204 -188 182 -122 148 121 61 190 -237 80 -111 131 151 -244 -104 37 17 -77 -212 -34 -181 -217 -208 -235 78 242 -90 -53 217 -165 69 43 177 147 -49 -129 -163 42 116 90 236 -108 197 -203 216 -17 101 62 -4 5 -147 -220 40 189 -131 -57 128 7 208 209 54 -26 84 -169 -240 87 -63 -225 -65 -149 -245 -162 -86 -51 24 137 166 114 127 186 -64 198 241 -197 104 102 221 -110 110 207 -116 -114 135 232 119 -156 181 105 245 32 -92 -74 -22 15 120 -88 -173 -58 -136 73 143 222 -223 13 -78 60 179 -13 -128 -16 149 138 -83 -10 -36 -101 201 -87 -146 239 160 -23 -73 -113 -120 
TEST 24 ARG:21 27 155 -237 247 -209 -83 134 -63 107 -61 182 72 -103 51 -171 -44 -1 -172 -170 -211 -135 -158 54 65 -85 201 79 146 -167 105 -114 0 -10 218 -15 190 -122 -113 94 185 106 -102 -97 -32 -155 2 -70 222 -240 125 6 8 136 17 20 -38 154 -178 81 -162 63 -132 -71 59 34 229 -190 211 157 -189 -247 152 -89 -194 96 -52 70 151 -153 -236 133 95 147 217 -201 150 7 203 -72 -246 -50 -200 140 71 89 98 234 128 189 87 -205 199 121 -250 -74 -57 200 -53 145 -164 23 48 -28 221 230 160 165 -231 -99 -21 -225 -224 138 56 235 -226 175 -148 5 -133 -188 -166 142 171 135 92 -30 -6 31 -109 -84 -182 39 -66 -218 25 -239 -119 -245 -111 -62 -180 -46 35 19 -54 228 242 -14 86 44 85 -9 -98 -227 214 30 166 118 -229 90 187 77 -238 -213 -73 113 -208 -58 45 215 196 104 -27 -141 -173 -69 -150 -25 -137 37 -92 169 76 112 -29 -17 -248 -196 -145 1 -185 -198 -117 -41 131 213 -214 10 127 14 58 69 -138 -222 -147 -65 -60 -2 -80 -91 -13 119 -234 245 88 -8 208 244 -24 -37 -22 80 198 231 124 178 197 36 33 186 -100 -67 184 -39 -163 -77 -140 -157 53 181 129 111 232 206 180 103 164 130 225 15 122 176 78 22 41 -139 -152 42 -215 236 202 -136 -223 -242 73 179 64 46 74 -146 224 188 173 141 -207 38 237 233 -127 -220 249 -197 -20 143 -232 -125 -93 139 60 219 163 144 148 -187 209 -217 29 -169 -106 -11 -233 183 191 4 100 -142 -96 -78 -107 -47 75 -121 -123 -151 246 161 239 -144 -168 -199 -179 -115 -59 9 156 -26 91 -43 -108 -90 -128 123 -112 -48 55 -156 -118 158 67 241 68 108 26 -94 -105 12 168 -19 -5 -154 57 97 -86 99 -193 223 43 -88 -241 153 24 -12 174 207 227 -134 110 -176 -104 172 -75 -40 101 -184 -219 -82 -195 212 -55 243 -4 195 177 -95 -244 -235 -116 -177 -131 -243 49 126 204 -42 216 -206 -34 -16 -124 -230 -7 -212 -101 28 -110 205 137 170 40 120 -130 -186 83 -159 -68 -165 117 -192 -174 -221 -31 -36 11 -76 -81 3 -191 115 -64 32 102 -183 192 -49 132 109 226 114 248 149 159 -33 162 62 -161 -51 52 238 -56 -203 -204 -202 -249 210 -79 -149 -35 13 50 18 -210 82 -143 47 66 -45 -87 -216 -228 -181 116 167 -129 -160 61 240 -23 -18 -120 -3 84 194 93 -175 -126 220 16 193 
TEST 24 ARG:21 27 155 -237 247 -209 -83 134 -63 107 -61 182 72 -103 51 -171 -44 -1 -172 -170 -211 -135 -158 54 65 -85 201 79 146 -167 105 -114 0 -10 218 -15 190 -122 -113 94 185 106 -102 -97 -32 -155 2 -70 222 -240 125 6 8 136 17 20 -38 154 -178 81 -162 63 -132 -71 59 34 229 -190 211 157 -189 -247 152 -89 -194 96 -52 70 151 -153 -236 133 95 147 217 -201 150 7 203 -72 -246 -50 -200 140 71 89 98 234 128 189 87 -205 199 121 -250 -74 -57 200 -53 145 -164 23 48 -28 221 230 160 165 -231 -99 -21 -225 -224 138 56 235 -226 175 -148 5 -133 -188 -166 142 171 135 92 -30 -6 31 -109 -84 -182 39 -66 -218 25 -239 -119 -245 -111 -62 -180 -46 35 19 -54 228 242 -14 86 44 85 -9 -98 -227 214 30 166 118 -229 90 187 77 -238 -213 -73 113 -208 -58 45 215 196 104 -27 -141 -173 -69 -150 -25 -137 37 -92 169 76 112 -29 -17 -248 -196 -145 1 -185 -198 -117 -41 131 213 -214 10 127 14 58 69 -138 -222 -147 -65 -60 -2 -80 -91 -13 119 -234 245 88 -8 208 244 -24 -37 -22 80 198 231 124 178 197 36 33 186 -100 -67 184 -39 -163 -77 -140 -157 53 181 129 111 232 206 180 103 164 130 225 15 122 176 78 22 41 -139 -152 42 -215 236 202 -136 -223 -242 73 179 64 46 74 -146 224 188 173 141 -207 38 237 233 -127 -220 249 -197 -20 143 -232 -125 -93 139 60 219 163 144 148 -187 209 -217 29 -169 -106 -11 -233 183 191 4 100 -142 -96 -78 -107 -47 75 -121 -123 -151 246 161 239 -144 -168 -199 -179 -115 -59 9 156 -26 91 -43 -108 -90 -128 123 -112 -48 55 -156 -118 158 67 241 68 108 26 -94 -105 12 168 -19 -5 -154 57 97 -86 99 -193 223 43 -88 -241 153 24 -12 174 207 227 -134 110 -176 -104 172 -75 -40 101 -184 -219 -82 -195 212 -55 243 -4 195 177 -95 -244 -235 -116 -177 -131 -243 49 126 204 -42 216 -206 -34 -16 -124 -230 -7 -212 -101 28 -110 205 137 170 40 120 -130 -186 83 -159 -68 -165 117 -192 -174 -221 -31 -36 11 -76 -81 3 -191 115 -64 32 102 -183 192 -49 132 109 226 114 248 149 159 -33 162 62 -161 -51 52 238 -56 -203 -204 -202 -249 210 -79 -149 -35 13 50 18 -210 82 -143 47 66 -45 -87 -216 -228 -181 116 167 -129 -160 61 240 -23 -18 -120 -3 84 194 93 -175 -126 220 16 193 
TEST 25 ARG:132 131 10 33 -249 -126 -18 106 -234 235 150 18 214 -113 -25 -7 45 87 -119 219 -186 186 -46 71 -42 151 -180 -171 -214 -4 -190 -240 66 -211 195 57 220 69 72 -168 -209 223 -53 -97 -236 127 -173 -176 213 30 -226 189 -127 -177 -152 84 -247 244 208 -141 -82 138 24 171 -41 -134 -94 -224 -65 0 -70 -172 -103 -35 246 -90 -179 -149 60 36 95 58 146 191 141 -102 -207 -15 -174 166 157 120 -109 109 241 -8 -143 192 -24 -100 136 156 4 245 211 155 -187 119 -202 -232 -47 242 239 9 -159 -32 -244 187 44 -193 231 -145 158 22 180 -197 118 -165 116 -147 -166 25 -221 -92 50 29 75 32 -158 -30 70 236 -29 -155 203 -72 -239 -114 153 -164 -228 -110 113 89 100 204 -117 212 -160 -210 -144 -245 -184 62 -107 218 -104 196 -200 -12 -55 -230 184 200 177 -58 160 -231 206 16 77 -198 -220 -169 26 -10 243 -123 -83 111 54 209 -64 -216 -170 -181 -22 -20 -148 67 229 -52 194 93 31 55 199 193 124 -111 6 -2 -60 -62 -87 173 247 -88 148 -137 85 35 179 83 -73 -189 96 202 38 97 -39 40 -19 -156 -223 224 -248 -61 80 183 91 188 -78 154 -203 -194 73 103 -237 -222 37 46 -192 52 98 28 115 -91 122 -95 176 198 207 185 1 233 217 -56 -131 61 168 205 -23 -175 -81 181 134 197 -205 -79 -124 175 -106 178 -178 74 -54 135 81 -235 -67 -146 -5 5 14 104 172 -37 82 -105 110 142 -133 237 86 -17 129 12 162 210 41 -135 -71 -130 169 -132 -167 -48 -116 88 -139 -125 -217 -250 -77 -199 -129 -150 -36 48 -213 133 -208 59 240 -154 249 -233 99 149 -206 228 34 -89 144 65 152 -118 -31 -6 47 -225 17 -3 227 -43 102 -101 2 -204 64 -14 43 -108 137 232 -57 49 190 -11 216 -122 145 234 53 3 -218 -201 -219 -13 164 215 140 123 -63 94 39 -227 13 222 8 170 107 114 -76 -45 -59 -163 23 112 121 -241 -38 159 182 -215 90 125 -151 -40 -196 -128 -229 15 139 -51 -246 -49 -66 -16 -243 -157 68 -98 226 161 -86 225 78 -80 165 -136 174 -182 -162 -112 248 -34 128 167 -84 126 -242 -69 -121 147 -85 19 -195 -153 -188 -120 130 -161 108 -68 -238 27 63 56 -9 163 -26 -142 201 42 -75 -33 221 143 -44 -21 -96 -115 -1 238 -99 21 -28 117 -50 105 -140 -183 -93 -74 -185 20 11 -27 79 7 -191 92 51 -138 230 76 -212 101 
TEST 25 ARG:132 131 10 33 -249 -126 -18 106 -234 235 150 18 214 -113 -25 -7 45 87 -119 219 -186 186 -46 71 -42 151 -180 -171 -214 -4 -190 -240 66 -211 195 57 220 69 72 -168 -209 223 -53 -97 -236 127 -173 -176 213 30 -226 189 -127 -177 -152 84 -247 244 208 -141 -82 138 24 171 -41 -134 -94 -224 -65 0 -70 -172 -103 -35 246 -90 -179 -149 60 36 95 58 146 191 141 -102 -207 -15 -174 166 157 120 -109 109 241 -8 -143 192 -24 -100 136 156 4 245 211 155 -187 119 -202 -232 -47 242 239 9 -159 -32 -244 187 44 -193 231 -145 158 22 180 -197 118 -165 116 -147 -166 25 -221 -92 50 29 75 32 -158 -30 70 236 -29 -155 203 -72 -239 -114 153 -164 -228 -110 113 89 100 204 -117 212 -160 -210 -144 -245 -184 62 -107 218 -104 196 -200 -12 -55 -230 184 200 177 -58 160 -231 206 16 77 -198 -220 -169 26 -10 243 -123 -83 111 54 209 -64 -216 -170 -181 -22 -20 -148 67 229 -52 194 93 31 55 199 193 124 -111 6 -2 -60 -62 -87 173 247 -88 148 -137 85 35 179 83 -73 -189 96 202 38 97 -39 40 -19 -156 -223 224 -248 -61 80 183 91 188 -78 154 -203 -194 73 103 -237 -222 37 46 -192 52 98 28 115 -91 122 -95 176 198 207 185 1 233 217 -56 -131 61 168 205 -23 -175 -81 181 134 197 -205 -79 -124 175 -106 178 -178 74 -54 135 81 -235 -67 -146 -5 5 14 104 172 -37 82 -105 110 142 -133 237 86 -17 129 12 162 210 41 -135 -71 -130 169 -132 -167 -48 -116 88 -139 -125 -217 -250 -77 -199 -129 -150 -36 48 -213 133 -208 59 240 -154 249 -233 99 149 -206 228 34 -89 144 65 152 -118 -31 -6 47 -225 17 -3 227 -43 102 -101 2 -204 64 -14 43 -108 137 232 -57 49 190 -11 216 -122 145 234 53 3 -218 -201 -219 -13 164 215 140 123 -63 94 39 -227 13 222 8 170 107 114 -76 -45 -59 -163 23 112 121 -241 -38 159 182 -215 90 125 -151 -40 -196 -128 -229 15 139 -51 -246 -49 -66 -16 -243 -157 68 -98 226 161 -86 225 78 -80 165 -136 174 -182 -162 -112 248 -34 128 167 -84 126 -242 -69 -121 147 -85 19 -195 -153 -188 -120 130 -161 108 -68 -238 27 63 56 -9 163 -26 -142 201 42 -75 -33 221 143 -44 -21 -96 -115 -1 238 -99 21 -28 117 -50 105 -140 -183 -93 -74 -185 20 11 -27 79 7 -191 92 51 -138 230 76 -212 101 
TEST 26 ARG:-58 126 -45 -239 174 -74 -82 -238 171 -16 -146 -36 -11 -130 -109 245 195 246 -171 37 -242 180 -23 -205 48 156 -13 -30 12 -147 114 227 53 -190 17 241 109 -132 134 167 151 24 82 21 137 67 -247 18 -24 -231 72 -136 -106 -33 242 172 140 -249 44 22 45 232 -140 30 88 8 248 -154 214 -103 -134 -39 -117 2 133 128 -95 -243 -229 -53 211 -160 138 87 95 55 170 -120 231 -172 99 -198 -66 -214 -191 200 -216 -196 -75 155 224 93 -21 173 130 -19 -119 100 192 -96 -60 29 49 98 -97 59 -15 42 234 107 -184 61 -42 13 178 185 120 -3 -176 -138 -128 -162 -226 -124 187 65 -46 129 -173 222 -167 -194 38 210 -25 -88 219 52 74 108 -149 -169 -212 31 221 -225 -111 -127 -31 237 -67 -62 102 -9 -2 217 -143 176 153 -94 123 80 -179 -144 145 -41 -148 208 160 9 35 -101 -206 -164 91 127 147 39 84 -199 -49 -56 40 -221 -114 -135 -78 -89 -68 122 -73 86 116 -48 247 -17 117 -156 -168 -193 -197 -187 7 23 3 244 124 -7 90 141 -118 149 -159 190 118 198 -202 -47 1 220 -236 -217 -52 -80 121 -27 -133 -1 -44 56 165 203 -51 228 154 -110 33 202 -92 -59 -218 -166 -246 16 -32 73 163 -250 -131 -98 -113 104 -93 159 218 191 81 229 32 10 -91 71 -6 105 -100 -223 -235 -215 -72 162 -26 -126 201 -220 119 -230 177 14 -50 152 -34 -188 -65 -189 230 -200 -245 106 47 182 -116 135 96 -10 4 131 -210 89 -153 112 -222 179 -163 41 204 78 235 -54 -77 239 92 97 199 -213 -209 -40 -192 209 -70 -35 148 150 -137 66 -241 -90 51 193 -105 215 -177 -5 77 -207 -69 169 103 -145 26 69 -108 -227 -233 164 146 -157 139 -81 136 -129 -4 19 188 36 207 142 -151 113 -22 76 -152 94 -139 -38 57 -170 212 110 58 -219 -228 -195 20 -142 -185 236 85 249 75 -182 -248 0 60 -234 -20 216 213 -203 -211 -83 -237 205 -63 -76 -201 225 -180 79 144 11 -86 -37 166 28 183 -123 64 62 143 -61 157 -208 -125 206 186 27 68 226 -87 132 -8 184 -232 158 -224 233 -18 -244 -150 168 -85 -112 70 -64 -102 -141 -204 -79 -178 175 5 -186 -155 101 83 -175 50 243 -71 54 223 46 43 115 -115 6 -99 -29 -121 -104 -165 196 -28 -183 63 -55 -84 194 34 197 15 -161 -240 -107 -174 -57 181 161 189 111 25 125 238 -181 -12 -122 -43 -158 -14 240 
TEST 26 ARG:-58 126 -45 -239 174 -74 -82 -238 171 -16 -146 -36 -11 -130 -109 245 195 246 -171 37 -242 180 -23 -205 48 156 -13 -30 12 -147 114 227 53 -190 17 241 109 -132 134 167 151 24 82 21 137 67 -247 18 -24 -231 72 -136 -106 -33 242 172 140 -249 44 22 45 232 -140 30 88 8 248 -154 214 -103 -134 -39 -117 2 133 128 -95 -243 -229 -53 211 -160 138 87 95 55 170 -120 231 -172 99 -198 -66 -214 -191 200 -216 -196 -75 155 224 93 -21 173 130 -19 -119 100 192 -96 -60 29 49 98 -97 59 -15 42 234 107 -184 61 -42 13 178 185 120 -3 -176 -138 -128 -162 -226 -124 187 65 -46 129 -173 222 -167 -194 38 210 -25 -88 219 52 74 108 -149 -169 -212 31 221 -225 -111 -127 -31 237 -67 -62 102 -9 -2 217 -143 176 153 -94 123 80 -179 -144 145 -41 -148 208 160 9 35 -101 -206 -164 91 127 147 39 84 -199 -49 -56 40 -221 -114 -135 -78 -89 -68 122 -73 86 116 -48 247 -17 117 -156 -168 -193 -197 -187 7 23 3 244 124 -7 90 141 -118 149 -159 190 118 198 -202 -47 1 220 -236 -217 -52 -80 121 -27 -133 -1 -44 56 165 203 -51 228 154 -110 33 202 -92 -59 -218 -166 -246 16 -32 73 163 -250 -131 -98 -113 104 -93 159 218 191 81 229 32 10 -91 71 -6 105 -100 -223 -235 -215 -72 162 -26 -126 201 -220 119 -230 177 14 -50 152 -34 -188 -65 -189 230 -200 -245 106 47 182 -116 135 96 -10 4 131 -210 89 -153 112 -222 179 -163 41 204 78 235 -54 -77 239 92 97 199 -213 -209 -40 -192 209 -70 -35 148 150 -137 66 -241 -90 51 193 -105 215 -177 -5 77 -207 -69 169 103 -145 26 69 -108 -227 -233 164 146 -157 139 -81 136 -129 -4 19 188 36 207 142 -151 113 -22 76 -152 94 -139 -38 57 -170 212 110 58 -219 -228 -195 20 -142 -185 236 85 249 75 -182 -248 0 60 -234 -20 216 213 -203 -211 -83 -237 205 -63 -76 -201 225 -180 79 144 11 -86 -37 166 28 183 -123 64 62 143 -61 157 -208 -125 206 186 27 68 226 -87 132 -8 184 -232 158 -224 233 -18 -244 -150 168 -85 -112 70 -64 -102 -141 -204 -79 -178 175 5 -186 -155 101 83 -175 50 243 -71 54 223 46 43 115 -115 6 -99 -29 -121 -104 -165 196 -28 -183 63 -55 -84 194 34 197 15 -161 -240 -107 -174 -57 181 161 189 111 25 125 238 -181 -12 -122 -43 -158 -14 240 
TEST 27 ARG:103 -107 -83 187 -47 -235 -135 -231 -40 -196 -3 188 -36 -102 21 -95 -200 -212 37 15 -30 180 160 -75 204 19 -187 101 217 -148 -238 -33 12 140 -152 -96 -67 -173 -219 -179 149 -112 -195 -233 73 -136 -138 -39 14 134 -99 193 172 -167 -117 -189 249 26 2 248 -56 -1 138 -104 82 130 -2 7 90 -174 8 -106 17 -46 120 -206 -118 -105 214 -101 -19 -88 86 206 233 -147 169 -149 -110 213 -41 200 209 66 83 32 40 224 -244 201 96 -225 -120 23 -171 144 62 89 127 -131 -242 184 -38 244 112 -213 25 65 171 53 28 218 -188 -10 240 242 64 94 3 -137 -134 159 174 223 -49 77 -76 -220 247 -170 114 202 -6 -65 -9 -108 -177 -32 245 -63 -208 -209 241 137 -59 -109 -142 -141 177 24 -168 -26 119 47 55 98 125 -146 45 -243 222 60 6 -160 49 -140 -214 99 -180 192 34 -130 146 0 29 181 -66 -70 105 -22 -116 -198 -84 -226 41 -114 -28 39 -144 31 -97 -78 -18 -159 -223 -68 -37 -205 106 153 52 -29 -190 -119 -64 46 113 -93 -246 234 57 -247 -34 -230 141 135 221 -207 227 236 -222 -79 -4 10 173 136 38 -86 147 243 -71 123 -115 -35 -172 238 -163 158 -241 128 33 109 183 75 -161 -210 115 -8 -20 -113 68 102 -45 -7 50 -72 -60 85 208 -229 -111 167 -48 215 220 -181 230 168 -224 44 35 -192 -128 216 -43 139 -82 237 185 121 -89 -23 235 78 -54 -197 -186 -121 104 -129 -166 176 126 61 -125 198 -216 81 -124 191 151 170 164 92 76 -157 -185 -53 -90 -217 -154 129 -21 155 -143 -100 175 71 212 11 -16 195 -15 142 207 36 133 163 70 -178 -184 91 69 -55 -42 95 145 150 -133 -126 196 -169 197 -132 -52 -227 225 18 -150 -139 -12 -237 80 143 51 20 -203 42 -50 84 226 156 97 116 -155 -191 152 -91 -199 93 -162 179 -127 -232 -57 -236 -183 -164 56 110 22 -69 88 -156 246 -249 -13 -98 -182 -92 228 199 -61 -239 148 30 13 100 72 -221 -5 118 108 -77 -44 -228 -176 -158 -165 74 -80 -245 157 231 27 107 -24 -218 -14 229 166 -73 -211 131 -194 189 16 43 -87 -248 -85 -122 67 -94 -193 -62 -17 165 124 1 9 58 -74 162 5 79 -153 219 54 -151 -202 182 -204 -234 -51 -31 161 132 -58 190 122 239 117 -103 203 232 -240 59 154 -27 210 63 -175 -123 186 -250 205 4 194 211 -25 -215 -81 -201 -11 -145 111 48 87 178 
TEST 27 ARG:103 -107 -83 187 -47 -235 -135 -231 -40 -196 -3 188 -36 -102 21 -95 -200 -212 37 15 -30 180 160 -75 204 19 -187 101 217 -148 -238 -33 12 140 -152 -96 -67 -173 -219 -179 149 -112 -195 -233 73 -136 -138 -39 14 134 -99 193 172 -167 -117 -189 249 26 2 248 -56 -1 138 -104 82 130 -2 7 90 -174 8 -106 17 -46 120 -206 -118 -105 214 -101 -19 -88 86 206 233 -147 169 -149 -110 213 -41 200 209 66 83 32 40 224 -244 201 96 -225 -120 23 -171 144 62 89 127 -131 -242 184 -38 244 112 -213 25 65 171 53 28 218 -188 -10 240 242 64 94 3 -137 -134 159 174 223 -49 77 -76 -220 247 -170 114 202 -6 -65 -9 -108 -177 -32 245 -63 -208 -209 241 137 -59 -109 -142 -141 177 24 -168 -26 119 47 55 98 125 -146 45 -243 222 60 6 -160 49 -140 -214 99 -180 192 34 -130 146 0 29 181 -66 -70 105 -22 -116 -198 -84 -226 41 -114 -28 39 -144 31 -97 -78 -18 -159 -223 -68 -37 -205 106 153 52 -29 -190 -119 -64 46 113 -93 -246 234 57 -247 -34 -230 141 135 221 -207 227 236 -222 -79 -4 10 173 136 38 -86 147 243 -71 123 -115 -35 -172 238 -163 158 -241 128 33 109 183 75 -161 -210 115 -8 -20 -113 68 102 -45 -7 50 -72 -60 85 208 -229 -111 167 -48 215 220 -181 230 168 -224 44 35 -192 -128 216 -43 139 -82 237 185 121 -89 -23 235 78 -54 -197 -186 -121 104 -129 -166 176 126 61 -125 198 -216 81 -124 191 151 170 164 92 76 -157 -185 -53 -90 -217 -154 129 -21 155 -143 -100 175 71 212 11 -16 195 -15 142 207 36 133 163 70 -178 -184 91 69 -55 -42 95 145 150 -133 -126 196 -169 197 -132 -52 -227 225 18 -150 -139 -12 -237 80 143 51 20 -203 42 -50 84 226 156 97 116 -155 -191 152 -91 -199 93 -162 179 -127 -232 -57 -236 -183 -164 56 110 22 -69 88 -156 246 -249 -13 -98 -182 -92 228 199 -61 -239 148 30 13 100 72 -221 -5 118 108 -77 -44 -228 -176 -158 -165 74 -80 -245 157 231 27 107 -24 -218 -14 229 166 -73 -211 131 -194 189 16 43 -87 -248 -85 -122 67 -94 -193 -62 -17 165 124 1 9 58 -74 162 5 79 -153 219 54 -151 -202 182 -204 -234 -51 -31 161 132 -58 190 122 239 117 -103 203 232 -240 59 154 -27 210 63 -175 -123 186 -250 205 4 194 211 -25 -215 -81 -201 -11 -145 111 48 87 178 
TEST 28 ARG:-146 142 -16 -17 230 -199 -152 -153 151 107 19 248 123 -140 -183 93 -136 91 -36 129 181 -92 149 -117 -23 -197 -107 -193 -227 109 114 -62 -115 130 -223 -145 38 120 23 -51 155 54 236 -200 -126 2 -95 -84 172 245 9 165 -97 152 74 -50 -131 -204 168 -215 -209 -20 34 40 -65 147 -31 234 28 30 174 221 138 -10 150 -248 -125 -106 -15 -111 211 224 94 60 8 31 -132 -26 -6 -139 177 92 -98 -222 -151 -137 58 20 -44 -207 156 -246 63 -3 80 -67 0 -219 -203 69 -24 -129 22 140 95 200 -112 -155 -90 -94 176 -160 167 104 208 206 -43 -32 -116 -123 62 183 -245 24 146 -237 -189 239 -108 -13 -156 83 213 131 -178 -206 88 171 -45 -133 -22 -142 13 -169 18 220 226 219 61 53 -226 -86 -48 141 -201 154 132 47 -72 -221 98 -148 249 -59 84 103 77 125 157 36 -89 25 164 -128 -99 35 -213 59 139 -58 -130 -141 -2 33 45 -180 -177 134 -49 72 -61 -11 -68 -37 -79 -124 -165 216 246 153 -14 17 -220 3 71 204 -202 86 -149 116 49 -54 -154 201 -120 110 -118 210 -212 243 242 16 48 189 55 75 -158 27 169 -85 -52 -127 44 39 -194 -182 233 228 106 41 78 26 -39 197 117 105 184 225 42 -53 -168 -77 -76 115 -93 -57 -110 235 135 170 186 143 -230 -73 -134 223 212 -181 14 166 -5 -25 -176 -80 187 -33 -144 122 -241 -138 199 -214 -34 192 -234 191 118 -250 -198 133 -225 -211 21 57 -41 -119 -191 -66 214 87 180 -232 -243 -81 202 81 227 -218 -236 -88 -208 159 158 -195 244 247 -91 -190 231 190 -19 89 196 -102 -240 -113 -40 -9 -184 -28 76 32 -179 -1 -175 -70 -105 241 113 229 111 -101 85 -100 -75 162 1 -71 173 232 175 -12 102 90 37 -104 65 6 -210 -42 -216 50 99 136 52 79 -83 179 -185 178 148 -29 -21 215 124 -171 128 198 205 -244 82 -159 -114 -172 -150 240 -229 -235 -64 -242 -157 -63 -46 -224 112 -186 207 73 238 -96 222 -249 -30 -35 51 96 10 -162 137 68 237 67 -47 15 161 -121 -164 -109 127 11 -78 56 -163 97 145 7 46 -167 70 -161 -205 -188 217 -38 -217 121 -196 209 -166 5 -228 29 -4 12 -174 -122 -170 -74 195 66 203 -239 160 -69 -143 100 -192 -8 182 43 -60 144 126 4 -247 194 -55 218 -135 101 -233 193 -187 -173 108 -82 -7 -238 163 -147 -231 -87 64 -56 188 185 -18 -103 -27 119 
TEST 28 ARG:-146 142 -16 -17 230 -199 -152 -153 151 107 19 248 123 -140 -183 93 -136 91 -36 129 181 -92 149 -117 -23 -197 -107 -193 -227 109 114 -62 -115 130 -223 -145 38 120 23 -51 155 54 236 -200 -126 2 -95 -84 172 245 9 165 -97 152 74 -50 -131 -204 168 -215 -209 -20 34 40 -65 147 -31 234 28 30 174 221 138 -10 150 -248 -125 -106 -15 -111 211 224 94 60 8 31 -132 -26 -6 -139 177 92 -98 -222 -151 -137 58 20 -44 -207 156 -246 63 -3 80 -67 0 -219 -203 69 -24 -129 22 140 95 200 -112 -155 -90 -94 176 -160 167 104 208 206 -43 -32 -116 -123 62 183 -245 24 146 -237 -189 239 -108 -13 -156 83 213 131 -178 -206 88 171 -45 -133 -22 -142 13 -169 18 220 226 219 61 53 -226 -86 -48 141 -201 154 132 47 -72 -221 98 -148 249 -59 84 103 77 125 157 36 -89 25 164 -128 -99 35 -213 59 139 -58 -130 -141 -2 33 45 -180 -177 134 -49 72 -61 -11 -68 -37 -79 -124 -165 216 246 153 -14 17 -220 3 71 204 -202 86 -149 116 49 -54 -154 201 -120 110 -118 210 -212 243 242 16 48 189 55 75 -158 27 169 -85 -52 -127 44 39 -194 -182 233 228 106 41 78 26 -39 197 117 105 184 225 42 -53 -168 -77 -76 115 -93 -57 -110 235 135 170 186 143 -230 -73 -134 223 212 -181 14 166 -5 -25 -176 -80 187 -33 -144 122 -241 -138 199 -214 -34 192 -234 191 118 -250 -198 133 -225 -211 21 57 -41 -119 -191 -66 214 87 180 -232 -243 -81 202 81 227 -218 -236 -88 -208 159 158 -195 244 247 -91 -190 231 190 -19 89 196 -102 -240 -113 -40 -9 -184 -28 76 32 -179 -1 -175 -70 -105 241 113 229 111 -101 85 -100 -75 162 1 -71 173 232 175 -12 102 90 37 -104 65 6 -210 -42 -216 50 99 136 52 79 -83 179 -185 178 148 -29 -21 215 124 -171 128 198 205 -244 82 -159 -114 -172 -150 240 -229 -235 -64 -242 -157 -63 -46 -224 112 -186 207 73 238 -96 222 -249 -30 -35 51 96 10 -162 137 68 237 67 -47 15 161 -121 -164 -109 127 11 -78 56 -163 97 145 7 46 -167 70 -161 -205 -188 217 -38 -217 121 -196 209 -166 5 -228 29 -4 12 -174 -122 -170 -74 195 66 203 -239 160 -69 -143 100 -192 -8 182 43 -60 144 126 4 -247 194 -55 218 -135 101 -233 193 -187 -173 108 -82 -7 -238 163 -147 -231 -87 64 -56 188 185 -18 -103 -27 119 
TEST 29 ARG:-44 247 6 -15 -220 -130 53 -116 55 -65 -54 -238 -140 44 227 189 26 140 182 -135 116 -64 87 34 -80 2 -237 -177 107 204 76 -75 -118 144 136 23 74 -107 128 240 -81 -30 -171 157 235 -99 -23 -56 -214 21 60 -247 131 91 -117 203 -33 -24 -241 -167 -188 99 -78 80 -229 -129 -4 -29 56 167 149 46 174 -222 209 39 195 -26 192 -98 234 65 118 -224 -176 244 -113 -128 -69 180 71 188 205 -21 -14 104 -100 -13 16 179 110 -148 -208 -63 -88 -202 224 -201 -137 -173 -46 -225 202 -11 -57 9 -36 215 -123 217 147 226 -217 -161 -133 -9 -10 -181 -182 156 207 200 -37 -213 -43 -223 -157 72 28 -150 82 -115 63 85 37 -231 49 124 -39 201 -91 -232 -142 97 239 -195 79 4 -45 -141 -189 230 69 86 -131 8 164 -74 -86 -169 -158 88 3 172 -34 54 77 -186 218 20 -193 -197 -209 -1 173 187 -97 -174 145 -103 -151 -205 163 83 138 -51 -85 -192 -178 181 89 -159 -210 96 130 -162 -191 -236 119 40 -22 61 112 -72 108 246 -152 106 19 -166 -83 122 13 -156 135 183 -165 113 10 78 -124 -172 -105 -106 -61 162 -245 148 -207 62 -102 -52 -244 75 -170 101 194 64 221 117 -7 -248 -234 168 -249 -180 68 -134 153 90 170 -25 184 150 111 232 -3 229 100 -246 -126 67 -35 169 166 -60 -87 -53 66 -2 -212 -218 84 -5 193 -187 143 126 -168 -28 -82 190 160 -8 123 48 -96 -90 24 -243 161 58 11 -18 -48 228 245 -121 146 171 159 223 -119 210 -27 5 137 129 -149 -66 -77 222 132 176 158 47 36 102 -114 -111 -19 -200 -226 98 -62 197 231 43 33 152 51 41 142 94 -101 15 -109 -198 236 212 -228 139 -71 -204 30 211 -250 -108 133 -153 70 -143 199 1 141 198 248 -122 213 -219 57 214 81 175 178 225 14 -20 -17 -147 -163 -203 -84 -42 155 185 -160 165 216 -145 191 -211 -12 59 35 219 242 -16 105 -155 -146 -242 27 -183 73 109 -230 238 196 -67 -68 0 93 12 -55 -194 125 22 -235 38 121 206 103 -239 -89 -92 -112 -227 -47 17 -164 -216 31 134 50 -144 -49 -93 -233 -73 29 -59 -79 220 -76 249 25 -6 45 114 -38 -40 -125 -215 154 -175 -154 7 -184 52 -179 241 151 -120 237 127 -206 -50 -104 -240 177 -127 -94 -95 115 -221 -136 -139 243 -110 120 -32 -58 92 -196 18 -138 -185 -190 42 -41 208 186 -199 -31 95 233 32 -132 -70 
TEST 29 ARG:-44 247 6 -15 -220 -130 53 -116 55 -65 -54 -238 -140 44 227 189 26 140 182 -135 116 -64 87 34 -80 2 -237 -177 107 204 76 -75 -118 144 136 23 74 -107 128 240 -81 -30 -171 157 235 -99 -23 -56 -214 21 60 -247 131 91 -117 203 -33 -24 -241 -167 -188 99 -78 80 -229 -129 -4 -29 56 167 149 46 174 -222 209 39 195 -26 192 -98 234 65 118 -224 -176 244 -113 -128 -69 180 71 188 205 -21 -14 104 -100 -13 16 179 110 -148 -208 -63 -88 -202 224 -201 -137 -173 -46 -225 202 -11 -57 9 -36 215 -123 217 147 226 -217 -161 -133 -9 -10 -181 -182 156 207 200 -37 -213 -43 -223 -157 72 28 -150 82 -115 63 85 37 -231 49 124 -39 201 -91 -232 -142 97 239 -195 79 4 -45 -141 -189 230 69 86 -131 8 164 -74 -86 -169 -158 88 3 172 -34 54 77 -186 218 20 -193 -197 -209 -1 173 187 -97 -174 145 -103 -151 -205 163 83 138 -51 -85 -192 -178 181 89 -159 -210 96 130 -162 -191 -236 119 40 -22 61 112 -72 108 246 -152 106 19 -166 -83 122 13 -156 135 183 -165 113 10 78 -124 -172 -105 -106 -61 162 -245 148 -207 62 -102 -52 -244 75 -170 101 194 64 221 117 -7 -248 -234 168 -249 -180 68 -134 153 90 170 -25 184 150 111 232 -3 229 100 -246 -126 67 -35 169 166 -60 -87 -53 66 -2 -212 -218 84 -5 193 -187 143 126 -168 -28 -82 190 160 -8 123 48 -96 -90 24 -243 161 58 11 -18 -48 228 245 -121 146 171 159 223 -119 210 -27 5 137 129 -149 -66 -77 222 132 176 158 47 36 102 -114 -111 -19 -200 -226 98 -62 197 231 43 33 152 51 41 142 94 -101 15 -109 -198 236 212 -228 139 -71 -204 30 211 -250 -108 133 -153 70 -143 199 1 141 198 248 -122 213 -219 57 214 81 175 178 225 14 -20 -17 -147 -163 -203 -84 -42 155 185 -160 165 216 -145 191 -211 -12 59 35 219 242 -16 105 -155 -146 -242 27 -183 73 109 -230 238 196 -67 -68 0 93 12 -55 -194 125 22 -235 38 121 206 103 -239 -89 -92 -112 -227 -47 17 -164 -216 31 134 50 -144 -49 -93 -233 -73 29 -59 -79 220 -76 249 25 -6 45 114 -38 -40 -125 -215 154 -175 -154 7 -184 52 -179 241 151 -120 237 127 -206 -50 -104 -240 177 -127 -94 -95 115 -221 -136 -139 243 -110 120 -32 -58 92 -196 18 -138 -185 -190 42 -41 208 186 -199 -31 95 233 32 -132 -70 
TEST 30 ARG:170 121 224 -230 87 -240 -76 86 -95 -164 -199 -102 131 83 -107 -218 103 -187 -134 -17 60 -52 -115 -74 -5 143 -60 -57 -193 -51 239 101 123 -91 -16 -242 122 -84 -203 124 238 -98 -185 199 6 58 113 91 -220 -18 -131 210 -63 -165 35 -97 206 -160 52 -21 -104 26 71 -136 -101 -197 -75 8 33 -142 -114 163 -92 -11 98 41 30 -179 223 152 -106 215 -47 -202 243 -37 -234 -247 236 -141 23 140 -237 -182 -56 32 13 65 20 -70 200 43 -172 203 137 95 94 -235 227 -201 139 105 -244 -143 106 -239 -224 -10 112 100 -144 -109 -110 -250 -186 168 127 207 125 231 110 160 -156 -210 14 -183 -2 -159 72 -196 -93 196 -111 -117 130 -4 -54 -42 70 63 79 47 84 -65 -151 -6 27 -140 190 -108 114 4 -176 -231 153 141 54 -20 230 158 -195 97 -225 21 119 78 37 -34 -192 226 132 -81 197 -26 246 -7 5 12 249 145 -67 233 42 -39 -123 40 -73 -3 -150 -246 157 44 24 -149 88 -85 128 -181 68 237 -28 1 -200 93 31 -94 -44 -158 11 182 -222 56 165 -30 -162 -45 220 -113 77 -175 -184 17 -58 -227 142 214 -24 -214 67 -89 161 55 -78 92 -118 116 64 107 53 59 34 -33 49 73 118 -22 -79 -122 -133 -226 57 177 48 96 51 -219 229 -233 -152 117 134 -124 -155 187 -88 201 -245 74 -153 198 19 85 9 28 135 -232 75 228 204 111 82 162 -41 -216 244 -125 -168 155 -87 -205 -148 3 -145 -127 216 146 180 -72 -217 -229 -14 -212 -138 194 247 -209 -103 -223 -31 45 245 -238 90 -8 -130 -40 -213 38 80 181 -32 186 164 -178 -25 144 -46 -38 184 -146 248 -36 -211 46 -99 22 126 -194 178 147 179 -80 0 212 66 208 176 188 -120 -215 -243 174 -100 -189 29 108 -241 -208 -171 81 202 -167 -166 -221 15 -86 99 219 -12 133 -82 120 -228 -53 -173 10 -174 50 -206 -249 18 -126 -1 193 -128 235 213 154 115 -121 -71 76 240 -129 -161 39 183 -27 221 -147 192 62 -19 156 -77 -48 225 -83 191 -35 102 -59 -62 242 -248 104 173 -66 241 -68 -169 211 -61 -163 -191 -236 150 -157 69 151 -190 -188 -105 36 -13 -204 222 -132 232 129 171 167 -139 -198 -43 217 -170 189 -96 138 169 -177 159 166 175 -69 -49 195 -29 148 185 136 -90 -64 -55 172 89 7 149 61 234 -180 25 -23 -135 205 -9 109 -207 -50 -116 2 -154 16 209 -112 -15 218 -137 -119 
TEST 30 ARG:170 121 224 -230 87 -240 -76 86 -95 -164 -199 -102 131 83 -107 -218 103 -187 -134 -17 60 -52 -115 -74 -5 143 -60 -57 -193 -51 239 101 123 -91 -16 -242 122 -84 -203 124 238 -98 -185 199 6 58 113 91 -220 -18 -131 210 -63 -165 35 -97 206 -160 52 -21 -104 26 71 -136 -101 -197 -75 8 33 -142 -114 163 -92 -11 98 41 30 -179 223 152 -106 215 -47 -202 243 -37 -234 -247 236 -141 23 140 -237 -182 -56 32 13 65 20 -70 200 43 -172 203 137 95 94 -235 227 -201 139 105 -244 -143 106 -239 -224 -10 112 100 -144 -109 -110 -250 -186 168 127 207 125 231 110 160 -156 -210 14 -183 -2 -159 72 -196 -93 196 -111 -117 130 -4 -54 -42 70 63 79 47 84 -65 -151 -6 27 -140 190 -108 114 4 -176 -231 153 141 54 -20 230 158 -195 97 -225 21 119 78 37 -34 -192 226 132 -81 197 -26 246 -7 5 12 249 145 -67 233 42 -39 -123 40 -73 -3 -150 -246 157 44 24 -149 88 -85 128 -181 68 237 -28 1 -200 93 31 -94 -44 -158 11 182 -222 56 165 -30 -162 -45 220 -113 77 -175 -184 17 -58 -227 142 214 -24 -214 67 -89 161 55 -78 92 -118 116 64 107 53 59 34 -33 49 73 118 -22 -79 -122 -133 -226 57 177 48 96 51 -219 229 -233 -152 117 134 -124 -155 187 -88 201 -245 74 -153 198 19 85 9 28 135 -232 75 228 204 111 82 162 -41 -216 244 -125 -168 155 -87 -205 -148 3 -145 -127 216 146 180 -72 -217 -229 -14 -212 -138 194 247 -209 -103 -223 -31 45 245 -238 90 -8 -130 -40 -213 38 80 181 -32 186 164 -178 -25 144 -46 -38 184 -146 248 -36 -211 46 -99 22 126 -194 178 147 179 -80 0 212 66 208 176 188 -120 -215 -243 174 -100 -189 29 108 -241 -208 -171 81 202 -167 -166 -221 15 -86 99 219 -12 133 -82 120 -228 -53 -173 10 -174 50 -206 -249 18 -126 -1 193 -128 235 213 154 115 -121 -71 76 240 -129 -161 39 183 -27 221 -147 192 62 -19 156 -77 -48 225 -83 191 -35 102 -59 -62 242 -248 104 173 -66 241 -68 -169 211 -61 -163 -191 -236 150 -157 69 151 -190 -188 -105 36 -13 -204 222 -132 232 129 171 167 -139 -198 -43 217 -170 189 -96 138 169 -177 159 166 175 -69 -49 195 -29 148 185 136 -90 -64 -55 172 89 7 149 61 234 -180 25 -23 -135 205 -9 109 -207 -50 -116 2 -154 16 209 -112 -15 218 -137 -119 
TEST 31 ARG:42 -138 47 79 3 176 119 -214 -6 25 -232 -213 22 -43 166 164 219 24 110 -123 -135 31 65 155 -1 -194 125 113 -94 211 92 -209 75 -9 -143 -153 -100 52 -185 165 8 161 -236 -163 80 -89 30 183 63 29 209 -169 231 -220 -12 146 193 170 27 -222 179 -97 81 69 -137 73 -70 -54 -187 -174 103 201 -150 128 76 137 213 40 160 204 28 78 74 199 -68 247 -134 -82 -58 243 123 57 -64 145 7 159 -19 106 -247 -20 -10 -164 -162 118 -85 -22 95 -44 142 -91 -105 62 98 -26 121 -238 12 96 5 -32 60 -199 -5 -15 168 116 -90 36 237 84 200 -61 68 -237 112 -181 218 -161 174 -233 -129 -145 206 11 224 -47 115 149 133 58 2 18 -14 151 -201 -127 -39 -198 246 190 -116 55 124 -223 -139 210 -21 184 139 90 196 -215 -230 -160 -131 239 202 67 -24 13 -25 26 107 -140 185 100 19 235 -155 225 72 -16 -95 191 -62 -27 23 -197 -142 -41 -141 -13 227 152 -239 15 136 -167 223 34 -101 -148 -56 -249 61 -130 233 -241 126 -182 192 -240 -229 -128 162 172 -81 -120 -77 169 114 216 -53 -45 117 -159 -242 -226 -204 177 -66 102 -7 91 244 -67 -23 220 156 -42 -184 229 97 99 -34 38 181 141 53 86 109 -38 -179 -132 140 56 249 39 -217 83 -165 -65 43 -109 87 -227 242 173 234 167 120 -186 -92 -124 -189 45 -110 -51 -71 245 88 -99 32 135 241 10 -244 226 -8 44 108 -158 -108 50 -36 -202 232 -3 -87 157 122 -115 49 41 -31 -84 4 85 -119 -121 -83 -208 48 -212 -170 -112 182 -147 197 -69 208 -107 147 -106 -195 -224 187 127 -190 150 144 217 -166 -35 -50 -218 -178 -48 248 -78 20 -216 -57 158 33 -86 -93 46 212 134 -180 186 -188 -173 -17 -151 -72 59 82 94 194 89 -192 195 222 214 14 105 -219 1 -207 -104 148 221 -211 16 -75 -193 153 -28 -37 111 180 -196 -80 -46 -176 71 -102 -126 154 21 205 203 -191 -221 132 -88 -235 188 -52 -122 -210 -245 -11 -125 -246 66 -206 215 175 -205 -144 -117 207 230 -30 -114 -183 -146 -157 238 -156 -96 -225 77 198 -33 35 178 -113 70 -248 -133 -79 -103 54 101 240 130 -59 -172 -154 93 -250 -74 163 -18 -76 37 0 104 -231 171 -2 228 -4 -60 -168 -203 -177 -228 -118 143 64 138 -136 -63 236 17 129 9 6 -171 -149 -29 -234 51 -175 -243 -152 -73 131 -49 -40 189 -55 -98 -200 -111 
TEST 31 ARG:42 -138 47 79 3 176 119 -214 -6 25 -232 -213 22 -43 166 164 219 24 110 -123 -135 31 65 155 -1 -194 125 113 -94 211 92 -209 75 -9 -143 -153 -100 52 -185 165 8 161 -236 -163 80 -89 30 183 63 29 209 -169 231 -220 -12 146 193 170 27 -222 179 -97 81 69 -137 73 -70 -54 -187 -174 103 201 -150 128 76 137 213 40 160 204 28 78 74 199 -68 247 -134 -82 -58 243 123 57 -64 145 7 159 -19 106 -247 -20 -10 -164 -162 118 -85 -22 95 -44 142 -91 -105 62 98 -26 121 -238 12 96 5 -32 60 -199 -5 -15 168 116 -90 36 237 84 200 -61 68 -237 112 -181 218 -161 174 -233 -129 -145 206 11 224 -47 115 149 133 58 2 18 -14 151 -201 -127 -39 -198 246 190 -116 55 124 -223 -139 210 -21 184 139 90 196 -215 -230 -160 -131 239 202 67 -24 13 -25 26 107 -140 185 100 19 235 -155 225 72 -16 -95 191 -62 -27 23 -197 -142 -41 -141 -13 227 152 -239 15 136 -167 223 34 -101 -148 -56 -249 61 -130 233 -241 126 -182 192 -240 -229 -128 162 172 -81 -120 -77 169 114 216 -53 -45 117 -159 -242 -226 -204 177 -66 102 -7 91 244 -67 -23 220 156 -42 -184 229 97 99 -34 38 181 141 53 86 109 -38 -179 -132 140 56 249 39 -217 83 -165 -65 43 -109 87 -227 242 173 234 167 120 -186 -92 -124 -189 45 -110 -51 -71 245 88 -99 32 135 241 10 -244 226 -8 44 108 -158 -108 50 -36 -202 232 -3 -87 157 122 -115 49 41 -31 -84 4 85 -119 -121 -83 -208 48 -212 -170 -112 182 -147 197 -69 208 -107 147 -106 -195 -224 187 127 -190 150 144 217 -166 -35 -50 -218 -178 -48 248 -78 20 -216 -57 158 33 -86 -93 46 212 134 -180 186 -188 -173 -17 -151 -72 59 82 94 194 89 -192 195 222 214 14 105 -219 1 -207 -104 148 221 -211 16 -75 -193 153 -28 -37 111 180 -196 -80 -46 -176 71 -102 -126 154 21 205 203 -191 -221 132 -88 -235 188 -52 -122 -210 -245 -11 -125 -246 66 -206 215 175 -205 -144 -117 207 230 -30 -114 -183 -146 -157 238 -156 -96 -225 77 198 -33 35 178 -113 70 -248 -133 -79 -103 54 101 240 130 -59 -172 -154 93 -250 -74 163 -18 -76 37 0 104 -231 171 -2 228 -4 -60 -168 -203 -177 -228 -118 143 64 138 -136 -63 236 17 129 9 6 -171 -149 -29 -234 51 -175 -243 -152 -73 131 -49 -40 189 -55 -98 -200 -111 
TEST 32 ARG:-8 -13 -183 166 -19 -141 130 -40 11 -69 248 88 -142 -16 -170 -218 -23 245 91 -48 17 156 -224 89 27 -227 192 -91 6 233 -25 52 -92 201 66 208 127 47 85 -89 14 -93 -87 -39 61 82 241 -121 55 -106 -42 176 116 -102 -53 -148 175 28 -246 193 -233 -213 -99 -185 -103 167 84 184 160 147 185 226 -157 158 199 -85 149 -242 90 -12 75 -17 -182 -2 141 -79 30 -178 -136 -3 -235 -245 -192 -133 122 -55 70 155 -65 -156 139 -73 86 -66 50 -88 -20 -63 225 198 230 -21 177 -186 76 -209 183 -173 -98 -100 196 -145 -239 -158 25 -5 -179 -204 -220 -202 125 110 -168 -76 163 -243 -174 58 -110 -80 154 -221 -46 249 18 -234 -6 115 -249 -116 -205 98 -195 71 -122 -4 153 -36 206 -124 -119 -35 37 34 161 -203 244 -78 144 19 214 -130 94 -184 1 132 170 -247 77 189 96 -90 97 143 -125 -198 -111 -38 -216 49 39 145 -11 178 -112 -152 78 -132 -30 2 -215 -208 171 92 -86 -10 -190 -26 211 -187 -45 -188 65 119 223 -104 -228 69 197 -223 -15 239 0 186 -248 -226 -58 68 21 -77 45 187 51 240 140 228 -172 -217 -162 235 216 200 -105 -115 12 -131 8 -153 136 124 87 44 -138 -64 -113 135 162 237 205 243 172 26 -123 165 204 -154 -212 -211 79 106 117 -31 146 -74 -51 20 123 -244 -60 -114 32 -199 -120 -44 95 -164 111 -108 -49 113 -82 -129 -169 100 23 24 -222 142 137 202 -37 -84 -126 148 -140 -109 -70 64 -27 -180 -134 -9 118 -29 112 181 105 -139 218 157 -206 -210 22 -232 -81 16 180 173 102 152 227 207 -128 38 -149 63 238 15 73 74 33 -146 128 169 168 -181 -54 -118 -166 -214 -155 -197 9 -225 -171 -43 217 220 -127 134 -68 -167 -189 -33 -160 -61 40 -117 29 -28 164 101 103 229 54 -62 107 151 3 -72 -165 121 -207 -238 108 -94 -135 -67 -144 -50 42 48 83 -107 36 104 114 4 -200 203 129 -75 -161 -147 133 234 174 242 232 -14 -52 -34 212 150 99 222 -250 -18 -194 -191 -150 188 72 194 221 80 -96 59 67 5 191 209 -193 57 159 190 -57 -137 -101 -176 31 41 131 -151 -237 81 -83 182 7 93 -177 231 13 -47 219 195 -236 35 224 60 -196 210 109 -22 -71 -95 -241 236 -97 138 126 56 -24 213 -229 -41 -143 246 -56 179 -159 120 46 -175 10 -230 -59 215 -240 -219 -7 -163 43 -1 62 -32 53 247 -231 -201 
TEST 32 ARG:-8 -13 -183 166 -19 -141 130 -40 11 -69 248 88 -142 -16 -170 -218 -23 245 91 -48 17 156 -224 89 27 -227 192 -91 6 233 -25 52 -92 201 66 208 127 47 85 -89 14 -93 -87 -39 61 82 241 -121 55 -106 -42 176 116 -102 -53 -148 175 28 -246 193 -233 -213 -99 -185 -103 167 84 184 160 147 185 226 -157 158 199 -85 149 -242 90 -12 75 -17 -182 -2 141 -79 30 -178 -136 -3 -235 -245 -192 -133 122 -55 70 155 -65 -156 139 -73 86 -66 50 -88 -20 -63 225 198 230 -21 177 -186 76 -209 183 -173 -98 -100 196 -145 -239 -158 25 -5 -179 -204 -220 -202 125 110 -168 -76 163 -243 -174 58 -110 -80 154 -221 -46 249 18 -234 -6 115 -249 -116 -205 98 -195 71 -122 -4 153 -36 206 -124 -119 -35 37 34 161 -203 244 -78 144 19 214 -130 94 -184 1 132 170 -247 77 189 96 -90 97 143 -125 -198 -111 -38 -216 49 39 145 -11 178 -112 -152 78 -132 -30 2 -215 -208 171 92 -86 -10 -190 -26 211 -187 -45 -188 65 119 223 -104 -228 69 197 -223 -15 239 0 186 -248 -226 -58 68 21 -77 45 187 51 240 140 228 -172 -217 -162 235 216 200 -105 -115 12 -131 8 -153 136 124 87 44 -138 -64 -113 135 162 237 205 243 172 26 -123 165 204 -154 -212 -211 79 106 117 -31 146 -74 -51 20 123 -244 -60 -114 32 -199 -120 -44 95 -164 111 -108 -49 113 -82 -129 -169 100 23 24 -222 142 137 202 -37 -84 -126 148 -140 -109 -70 64 -27 -180 -134 -9 118 -29 112 181 105 -139 218 157 -206 -210 22 -232 -81 16 180 173 102 152 227 207 -128 38 -149 63 238 15 73 74 33 -146 128 169 168 -181 -54 -118 -166 -214 -155 -197 9 -225 -171 -43 217 220 -127 134 -68 -167 -189 -33 -160 -61 40 -117 29 -28 164 101 103 229 54 -62 107 151 3 -72 -165 121 -207 -238 108 -94 -135 -67 -144 -50 42 48 83 -107 36 104 114 4 -200 203 129 -75 -161 -147 133 234 174 242 232 -14 -52 -34 212 150 99 222 -250 -18 -194 -191 -150 188 72 194 221 80 -96 59 67 5 191 209 -193 57 159 190 -57 -137 -101 -176 31 41 131 -151 -237 81 -83 182 7 93 -177 231 13 -47 219 195 -236 35 224 60 -196 210 109 -22 -71 -95 -241 236 -97 138 126 56 -24 213 -229 -41 -143 246 -56 179 -159 120 46 -175 10 -230 -59 215 -240 -219 -7 -163 43 -1 62 -32 53 247 -231 -201 
TEST 33 ARG:-111 36 144 -58 249 -68 172 -191 -78 -18 -131 -166 231 105 74 -54 88 -135 68 -145 -140 122 -239 27 51 -243 -162 -156 227 224 -40 215 162 -159 -138 152 209 -50 -59 60 11 192 -94 180 -209 225 136 80 -194 -242 220 -203 -9 -237 -144 -52 -126 -32 -123 -79 138 236 -4 96 186 -229 234 181 97 -11 243 32 213 -173 -235 24 -193 -2 -230 86 30 211 -129 -7 -181 -198 133 182 -171 -80 53 106 176 203 116 -106 21 -19 222 43 -222 184 93 15 -75 -12 -124 16 -99 -3 -225 -150 -31 -62 -73 81 45 4 64 -151 -224 -65 137 -211 -89 -82 -27 73 214 -165 121 201 -87 63 49 -67 -61 13 -100 149 -250 -76 -241 -137 183 -153 -17 -63 -188 -117 54 65 -143 191 154 -20 -15 -35 -214 59 22 -234 90 23 126 5 -240 -101 -185 58 -141 103 -147 92 12 159 -119 -226 115 94 91 -233 153 113 119 230 238 -112 166 -218 -136 168 187 -56 120 -44 29 -51 235 -114 219 42 100 139 -81 135 202 -146 175 228 -13 -28 -93 46 39 -172 -139 -118 -154 239 -92 -189 177 -238 8 112 52 -223 146 -38 2 89 48 -121 217 -21 10 40 25 -236 -127 -105 -201 -120 -177 118 -205 -24 -208 232 245 -45 237 -163 -48 -210 160 107 31 -149 196 161 79 -64 167 -158 127 216 129 -55 -204 -197 1 -195 57 -107 140 -22 131 19 143 34 229 108 -69 189 6 -30 -180 75 28 210 -161 178 -213 -248 207 208 -33 -14 56 -125 -108 117 -228 -246 84 -77 -116 -130 147 -132 -212 -170 -102 -72 -86 -43 17 18 130 198 83 -110 -85 14 -179 204 -157 141 110 155 -66 -128 44 0 -174 150 -160 -83 134 -5 -219 156 -109 195 -220 -207 69 114 -88 -232 246 197 190 -36 221 -247 -249 104 -190 -133 -134 77 125 164 -155 -97 -206 -10 -148 99 -95 55 165 -176 240 62 179 37 188 -49 -91 26 -98 -182 33 -71 -113 193 -74 128 -60 -184 233 -57 200 85 95 -192 218 142 -199 151 -200 171 -1 132 -244 157 205 -6 20 -186 82 98 -122 241 170 76 -175 109 -42 -164 -47 -16 111 248 70 -34 72 -215 194 123 -196 -53 -221 3 -70 41 -90 -168 7 173 -202 169 242 78 -142 -25 -169 -167 223 38 -96 -245 -37 158 -46 163 47 -187 102 -216 -103 -183 -39 -8 9 101 -115 199 66 50 226 -231 145 -29 -178 87 174 35 148 -217 -23 -84 -104 206 124 212 244 61 -26 -152 -227 247 71 -41 67 185 
TEST 33 ARG:-111 36 144 -58 249 -68 172 -191 -78 -18 -131 -166 231 105 74 -54 88 -135 68 -145 -140 122 -239 27 51 -243 -162 -156 227 224 -40 215 162 -159 -138 152 209 -50 -59 60 11 192 -94 180 -209 225 136 80 -194 -242 220 -203 -9 -237 -144 -52 -126 -32 -123 -79 138 236 -4 96 186 -229 234 181 97 -11 243 32 213 -173 -235 24 -193 -2 -230 86 30 211 -129 -7 -181 -198 133 182 -171 -80 53 106 176 203 116 -106 21 -19 222 43 -222 184 93 15 -75 -12 -124 16 -99 -3 -225 -150 -31 -62 -73 81 45 4 64 -151 -224 -65 137 -211 -89 -82 -27 73 214 -165 121 201 -87 63 49 -67 -61 13 -100 149 -250 -76 -241 -137 183 -153 -17 -63 -188 -117 54 65 -143 191 154 -20 -15 -35 -214 59 22 -234 90 23 126 5 -240 -101 -185 58 -141 103 -147 92 12 159 -119 -226 115 94 91 -233 153 113 119 230 238 -112 166 -218 -136 168 187 -56 120 -44 29 -51 235 -114 219 42 100 139 -81 135 202 -146 175 228 -13 -28 -93 46 39 -172 -139 -118 -154 239 -92 -189 177 -238 8 112 52 -223 146 -38 2 89 48 -121 217 -21 10 40 25 -236 -127 -105 -201 -120 -177 118 -205 -24 -208 232 245 -45 237 -163 -48 -210 160 107 31 -149 196 161 79 -64 167 -158 127 216 129 -55 -204 -197 1 -195 57 -107 140 -22 131 19 143 34 229 108 -69 189 6 -30 -180 75 28 210 -161 178 -213 -248 207 208 -33 -14 56 -125 -108 117 -228 -246 84 -77 -116 -130 147 -132 -212 -170 -102 -72 -86 -43 17 18 130 198 83 -110 -85 14 -179 204 -157 141 110 155 -66 -128 44 0 -174 150 -160 -83 134 -5 -219 156 -109 195 -220 -207 69 114 -88 -232 246 197 190 -36 221 -247 -249 104 -190 -133 -134 77 125 164 -155 -97 -206 -10 -148 99 -95 55 165 -176 240 62 179 37 188 -49 -91 26 -98 -182 33 -71 -113 193 -74 128 -60 -184 233 -57 200 85 95 -192 218 142 -199 151 -200 171 -1 132 -244 157 205 -6 20 -186 82 98 -122 241 170 76 -175 109 -42 -164 -47 -16 111 248 70 -34 72 -215 194 123 -196 -53 -221 3 -70 41 -90 -168 7 173 -202 169 242 78 -142 -25 -169 -167 223 38 -96 -245 -37 158 -46 163 47 -187 102 -216 -103 -183 -39 -8 9 101 -115 199 66 50 226 -231 145 -29 -178 87 174 35 148 -217 -23 -84 -104 206 124 212 244 61 -26 -152 -227 247 71 -41 67 185 
TEST 34 ARG:-213 -32 -22 -65 -142 -76 115 -221 -41 -95 20 14 26 -235 -153 17 149 -122 -227 -33 -13 162 -139 -113 89 187 134 -244 146 -130 -239 244 -226 165 -110 50 -195 160 9 27 -154 -134 5 -212 -155 -150 239 -42 -140 2 -23 171 -93 -188 42 247 -127 -48 -177 -180 -63 136 -74 164 -31 -39 176 184 231 -86 21 -217 204 -174 117 -236 -49 93 85 153 168 -176 33 -237 -200 -243 120 -121 46 248 -26 -28 31 -211 -192 78 141 -118 -85 -20 114 -102 232 56 118 106 -124 144 -125 -62 -199 -190 91 217 -15 23 158 -175 -166 169 234 -61 -128 80 -21 -27 58 -223 -80 130 166 -165 4 -40 215 -119 6 -111 -73 122 -68 -203 216 -16 -137 -82 -43 -216 73 -215 -218 -162 -105 112 -66 190 -201 127 175 96 -214 69 -5 81 249 233 36 25 -71 -114 -14 -77 76 30 173 -144 132 -149 155 -169 -79 54 225 15 -160 -147 230 154 237 -30 44 206 -84 116 192 -170 -83 105 -152 182 -229 38 28 62 88 133 -116 241 19 8 -224 -104 3 -230 -207 -186 156 -103 67 -67 -182 -189 -51 59 -117 -50 -60 55 -46 226 -123 -126 219 -241 -135 -92 -56 199 -44 -148 174 194 222 193 -99 -55 39 13 139 70 188 228 -115 12 -9 -158 -228 150 -143 -12 107 -19 189 213 -173 1 101 -98 208 -191 -156 -197 110 -11 -78 -242 131 -57 -10 66 -69 -2 -112 170 108 -94 125 209 95 -58 -178 -129 48 52 -87 -161 143 -7 195 -133 57 113 -97 102 63 -100 142 179 211 72 246 243 -194 151 185 37 238 212 40 172 -164 -52 180 -167 -208 135 207 -132 22 -187 229 -247 197 183 -96 -233 205 214 -18 -64 18 119 128 -70 -234 -54 -120 -219 -181 103 -145 129 -138 90 -17 -24 157 202 196 -34 -141 97 -107 203 200 -225 41 -240 210 34 -205 -109 152 -248 -29 138 104 224 -220 235 82 -88 -204 75 -106 -91 -193 100 -183 -159 177 65 -206 227 87 -184 159 68 98 71 -146 -8 -90 29 -231 84 11 43 186 148 -1 32 181 64 -171 -75 -210 -101 -232 147 -81 126 94 -168 109 -53 60 49 167 137 -202 -245 -35 -4 220 124 221 35 -151 -108 161 240 16 123 218 -131 191 7 -209 163 121 47 77 10 83 -179 61 -250 245 92 24 198 140 -246 0 178 -37 242 -196 53 -6 -72 45 -157 -36 -198 79 201 145 86 74 -47 51 -3 -172 99 -59 -222 -238 -25 -38 223 -45 -249 111 -89 -136 -185 -163 236 
TEST 34 ARG:-213 -32 -22 -65 -142 -76 115 -221 -41 -95 20 14 26 -235 -153 17 149 -122 -227 -33 -13 162 -139 -113 89 187 134 -244 146 -130 -239 244 -226 165 -110 50 -195 160 9 27 -154 -134 5 -212 -155 -150 239 -42 -140 2 -23 171 -93 -188 42 247 -127 -48 -177 -180 -63 136 -74 164 -31 -39 176 184 231 -86 21 -217 204 -174 117 -236 -49 93 85 153 168 -176 33 -237 -200 -243 120 -121 46 248 -26 -28 31 -211 -192 78 141 -118 -85 -20 114 -102 232 56 118 106 -124 144 -125 -62 -199 -190 91 217 -15 23 158 -175 -166 169 234 -61 -128 80 -21 -27 58 -223 -80 130 166 -165 4 -40 215 -119 6 -111 -73 122 -68 -203 216 -16 -137 -82 -43 -216 73 -215 -218 -162 -105 112 -66 190 -201 127 175 96 -214 69 -5 81 249 233 36 25 -71 -114 -14 -77 76 30 173 -144 132 -149 155 -169 -79 54 225 15 -160 -147 230 154 237 -30 44 206 -84 116 192 -170 -83 105 -152 182 -229 38 28 62 88 133 -116 241 19 8 -224 -104 3 -230 -207 -186 156 -103 67 -67 -182 -189 -51 59 -117 -50 -60 55 -46 226 -123 -126 219 -241 -135 -92 -56 199 -44 -148 174 194 222 193 -99 -55 39 13 139 70 188 228 -115 12 -9 -158 -228 150 -143 -12 107 -19 189 213 -173 1 101 -98 208 -191 -156 -197 110 -11 -78 -242 131 -57 -10 66 -69 -2 -112 170 108 -94 125 209 95 -58 -178 -129 48 52 -87 -161 143 -7 195 -133 57 113 -97 102 63 -100 142 179 211 72 246 243 -194 151 185 37 238 212 40 172 -164 -52 180 -167 -208 135 207 -132 22 -187 229 -247 197 183 -96 -233 205 214 -18 -64 18 119 128 -70 -234 -54 -120 -219 -181 103 -145 129 -138 90 -17 -24 157 202 196 -34 -141 97 -107 203 200 -225 41 -240 210 34 -205 -109 152 -248 -29 138 104 224 -220 235 82 -88 -204 75 -106 -91 -193 100 -183 -159 177 65 -206 227 87 -184 159 68 98 71 -146 -8 -90 29 -231 84 11 43 186 148 -1 32 181 64 -171 -75 -210 -101 -232 147 -81 126 94 -168 109 -53 60 49 167 137 -202 -245 -35 -4 220 124 221 35 -151 -108 161 240 16 123 218 -131 191 7 -209 163 121 47 77 10 83 -179 61 -250 245 92 24 198 140 -246 0 178 -37 242 -196 53 -6 -72 45 -157 -36 -198 79 201 145 86 74 -47 51 -3 -172 99 -59 -222 -238 -25 -38 223 -45 -249 111 -89 -136 -185 -163 236 
TEST 35 ARG:151 167 216 -31 30 -129 244 150 -112 -47 214 -103 -144 -168 -199 -204 152 57 3 175 18 206 -4 71 -44 -91 8 15 186 32 -235 232 -179 -95 96 51 -100 -242 -124 135 45 -184 -216 185 -49 240 156 39 -56 -23 -7 -197 -16 -178 72 -26 -12 -6 83 245 -200 -41 31 -15 58 -181 17 170 233 -198 85 -211 -82 -174 -134 26 153 134 77 138 -111 103 -231 25 -164 -228 -109 141 70 7 -17 -50 222 -53 69 -122 -191 129 -190 -208 -113 -180 -177 149 126 -162 187 27 100 -239 -115 -189 -249 -8 -143 -212 73 -94 95 178 -246 212 -131 -101 -42 -69 42 -136 179 -214 -210 -158 -244 -60 -217 -104 -163 -57 -183 -98 60 63 -96 -88 -27 174 145 -13 234 188 158 -194 -201 -230 131 -33 -71 144 112 140 -152 -38 221 10 -150 137 34 176 19 -147 -79 -167 -188 -133 13 -176 193 211 33 -110 67 -240 136 -10 43 -170 227 -29 -203 -72 191 24 203 84 61 139 23 -125 -83 -151 -108 54 192 6 -142 171 -127 -61 -59 14 -123 -92 80 2 -46 -107 0 159 46 246 -116 143 -146 -20 -105 11 101 242 -39 -196 119 146 113 -233 239 53 105 -32 133 230 21 249 62 163 86 -34 -93 194 -55 -175 82 -74 -128 65 -209 -106 -102 -213 177 -145 -89 22 154 -80 198 -156 68 -223 44 204 229 37 -185 -43 -68 220 -206 243 -66 -58 148 -87 -232 -65 -14 -224 78 125 -121 118 122 -166 1 102 -52 -37 -67 106 205 -172 -205 -226 91 -250 -207 -48 -45 142 -165 29 -99 -22 -236 -218 4 -187 66 207 99 -40 -241 200 -21 111 28 173 -3 -118 213 88 -30 181 56 199 164 87 -229 48 -9 74 92 90 -114 -84 -62 64 -18 -237 -75 189 166 121 -157 225 52 -243 248 55 -138 5 195 196 -130 -5 -76 224 -227 97 219 20 107 50 -28 75 81 115 165 -171 -219 -120 -149 -77 182 12 -135 -35 35 104 -173 -248 47 -63 59 208 -169 -154 -117 -182 197 237 89 -1 -25 -132 -234 162 94 202 -159 -139 93 231 201 109 124 -222 -192 -54 -19 -81 226 41 -11 172 -221 36 147 -78 110 -2 -160 -141 247 -51 -36 184 -245 -73 -186 183 -247 238 169 -70 160 -155 210 132 228 98 217 -202 -153 123 223 79 -85 235 49 -90 -64 -225 -137 116 157 -140 168 180 -195 -97 108 218 190 120 -148 -86 130 209 -220 -119 9 241 155 127 -193 40 128 236 114 -161 38 -24 -238 161 16 76 215 -215 117 -126 
TEST 35 ARG:151 167 216 -31 30 -129 244 150 -112 -47 214 -103 -144 -168 -199 -204 152 57 3 175 18 206 -4 71 -44 -91 8 15 186 32 -235 232 -179 -95 96 51 -100 -242 -124 135 45 -184 -216 185 -49 240 156 39 -56 -23 -7 -197 -16 -178 72 -26 -12 -6 83 245 -200 -41 31 -15 58 -181 17 170 233 -198 85 -211 -82 -174 -134 26 153 134 77 138 -111 103 -231 25 -164 -228 -109 141 70 7 -17 -50 222 -53 69 -122 -191 129 -190 -208 -113 -180 -177 149 126 -162 187 27 100 -239 -115 -189 -249 -8 -143 -212 73 -94 95 178 -246 212 -131 -101 -42 -69 42 -136 179 -214 -210 -158 -244 -60 -217 -104 -163 -57 -183 -98 60 63 -96 -88 -27 174 145 -13 234 188 158 -194 -201 -230 131 -33 -71 144 112 140 -152 -38 221 10 -150 137 34 176 19 -147 -79 -167 -188 -133 13 -176 193 211 33 -110 67 -240 136 -10 43 -170 227 -29 -203 -72 191 24 203 84 61 139 23 -125 -83 -151 -108 54 192 6 -142 171 -127 -61 -59 14 -123 -92 80 2 -46 -107 0 159 46 246 -116 143 -146 -20 -105 11 101 242 -39 -196 119 146 113 -233 239 53 105 -32 133 230 21 249 62 163 86 -34 -93 194 -55 -175 82 -74 -128 65 -209 -106 -102 -213 177 -145 -89 22 154 -80 198 -156 68 -223 44 204 229 37 -185 -43 -68 220 -206 243 -66 -58 148 -87 -232 -65 -14 -224 78 125 -121 118 122 -166 1 102 -52 -37 -67 106 205 -172 -205 -226 91 -250 -207 -48 -45 142 -165 29 -99 -22 -236 -218 4 -187 66 207 99 -40 -241 200 -21 111 28 173 -3 -118 213 88 -30 181 56 199 164 87 -229 48 -9 74 92 90 -114 -84 -62 64 -18 -237 -75 189 166 121 -157 225 52 -243 248 55 -138 5 195 196 -130 -5 -76 224 -227 97 219 20 107 50 -28 75 81 115 165 -171 -219 -120 -149 -77 182 12 -135 -35 35 104 -173 -248 47 -63 59 208 -169 -154 -117 -182 197 237 89 -1 -25 -132 -234 162 94 202 -159 -139 93 231 201 109 124 -222 -192 -54 -19 -81 226 41 -11 172 -221 36 147 -78 110 -2 -160 -141 247 -51 -36 184 -245 -73 -186 183 -247 238 169 -70 160 -155 210 132 228 98 217 -202 -153 123 223 79 -85 235 49 -90 -64 -225 -137 116 157 -140 168 180 -195 -97 108 218 190 120 -148 -86 130 209 -220 -119 9 241 155 127 -193 40 128 236 114 -161 38 -24 -238 161 16 76 215 -215 117 -126 
TEST 36 ARG:-115 -124 -38 96 56 242 -176 158 73 241 -223 -73 42 109 121 -171 41 91 176 99 -109 -226 118 209 76 92 -134 125 -157 -218 175 100 150 -187 2 -80 16 193 -14 -121 -43 -128 -13 -9 215 -205 -212 -149 -54 35 -197 -178 135 -232 162 -153 1 -210 103 -55 -156 171 140 79 195 -150 63 -167 -87 -105 -118 -12 101 -242 54 210 -90 13 -220 228 -35 -132 127 69 48 5 112 143 -107 -119 -117 95 98 187 217 -96 141 -248 0 27 -22 8 -40 -229 -94 237 161 -29 -1 19 33 -177 214 -57 132 -146 17 -203 97 -143 -98 -93 -163 -41 238 -11 123 -194 -181 229 90 -42 -56 -114 -170 49 201 -241 -159 -207 207 -116 -164 -191 39 68 -152 -72 34 216 -71 -180 -16 167 18 -46 -155 57 213 -99 89 -122 149 128 185 211 184 -142 -129 151 -83 220 47 -175 -183 249 202 222 -64 -5 180 -204 -201 -53 -88 -108 -32 208 -238 138 198 -84 -173 11 -145 166 25 -144 137 196 55 3 74 36 -249 204 -15 -169 30 -50 10 51 -23 -182 66 -104 -140 165 113 -222 -224 71 -78 61 133 169 -85 110 160 43 -45 226 -123 -160 168 -97 170 23 29 -24 -211 240 14 40 83 -33 37 6 111 -245 227 -213 154 -86 -237 46 -195 -209 -162 234 -37 -36 -141 -67 191 146 -58 -18 -110 -184 -199 -221 64 -130 106 182 231 58 88 72 102 -7 -63 -112 -233 -227 -235 230 -20 104 24 -139 -59 -190 -39 -189 -198 223 -106 144 12 -74 -48 115 -185 -188 -77 245 178 -125 9 -103 62 200 -49 -138 53 84 -2 116 -6 -186 60 -127 -158 119 82 -81 130 -89 -68 186 67 -61 -51 -47 -101 232 -168 -34 163 -75 136 181 -148 -216 -250 -214 45 70 81 -196 75 -202 124 221 -192 235 -179 -135 -19 15 21 224 -3 145 126 -193 -243 129 -70 155 -28 7 -236 -244 -91 -69 243 -21 50 225 183 -79 -126 -10 -131 -17 199 -234 105 22 -228 152 -230 177 -113 203 192 197 117 131 -200 122 59 139 4 -62 -174 -147 -25 -172 -217 -4 188 38 -161 -92 247 120 -239 164 190 -206 244 -133 -240 93 -166 -44 -31 87 -52 26 -225 -30 236 -8 -219 -154 -102 153 205 114 172 218 159 108 -100 179 189 -82 -76 233 212 194 -137 248 -208 -95 206 -151 246 -66 157 65 52 -246 -231 77 85 -136 94 147 148 28 174 -247 -120 -165 86 -65 -26 80 -60 219 -215 134 -111 173 -27 20 78 239 156 31 107 142 44 32 
TEST 36 ARG:-115 -124 -38 96 56 242 -176 158 73 241 -223 -73 42 109 121 -171 41 91 176 99 -109 -226 118 209 76 92 -134 125 -157 -218 175 100 150 -187 2 -80 16 193 -14 -121 -43 -128 -13 -9 215 -205 -212 -149 -54 35 -197 -178 135 -232 162 -153 1 -210 103 -55 -156 171 140 79 195 -150 63 -167 -87 -105 -118 -12 101 -242 54 210 -90 13 -220 228 -35 -132 127 69 48 5 112 143 -107 -119 -117 95 98 187 217 -96 141 -248 0 27 -22 8 -40 -229 -94 237 161 -29 -1 19 33 -177 214 -57 132 -146 17 -203 97 -143 -98 -93 -163 -41 238 -11 123 -194 -181 229 90 -42 -56 -114 -170 49 201 -241 -159 -207 207 -116 -164 -191 39 68 -152 -72 34 216 -71 -180 -16 167 18 -46 -155 57 213 -99 89 -122 149 128 185 211 184 -142 -129 151 -83 220 47 -175 -183 249 202 222 -64 -5 180 -204 -201 -53 -88 -108 -32 208 -238 138 198 -84 -173 11 -145 166 25 -144 137 196 55 3 74 36 -249 204 -15 -169 30 -50 10 51 -23 -182 66 -104 -140 165 113 -222 -224 71 -78 61 133 169 -85 110 160 43 -45 226 -123 -160 168 -97 170 23 29 -24 -211 240 14 40 83 -33 37 6 111 -245 227 -213 154 -86 -237 46 -195 -209 -162 234 -37 -36 -141 -67 191 146 -58 -18 -110 -184 -199 -221 64 -130 106 182 231 58 88 72 102 -7 -63 -112 -233 -227 -235 230 -20 104 24 -139 -59 -190 -39 -189 -198 223 -106 144 12 -74 -48 115 -185 -188 -77 245 178 -125 9 -103 62 200 -49 -138 53 84 -2 116 -6 -186 60 -127 -158 119 82 -81 130 -89 -68 186 67 -61 -51 -47 -101 232 -168 -34 163 -75 136 181 -148 -216 -250 -214 45 70 81 -196 75 -202 124 221 -192 235 -179 -135 -19 15 21 224 -3 145 126 -193 -243 129 -70 155 -28 7 -236 -244 -91 -69 243 -21 50 225 183 -79 -126 -10 -131 -17 199 -234 105 22 -228 152 -230 177 -113 203 192 197 117 131 -200 122 59 139 4 -62 -174 -147 -25 -172 -217 -4 188 38 -161 -92 247 120 -239 164 190 -206 244 -133 -240 93 -166 -44 -31 87 -52 26 -225 -30 236 -8 -219 -154 -102 153 205 114 172 218 159 108 -100 179 189 -82 -76 233 212 194 -137 248 -208 -95 206 -151 246 -66 157 65 52 -246 -231 77 85 -136 94 147 148 28 174 -247 -120 -165 86 -65 -26 80 -60 219 -215 134 -111 173 -27 20 78 239 156 31 107 142 44 32 
TEST 37 ARG:115 166 -75 -40 -146 83 86 -31 -238 70 -198 -118 245 151 199 117 178 -102 98 106 81 45 195 17 -174 -190 99 28 -195 -33 -45 224 -2 -250 -49 -20 131 146 246 -90 -54 -71 77 -32 225 -222 43 -208 80 16 136 145 -154 -97 -144 -113 -237 169 182 51 167 89 -9 101 197 -134 -203 -24 -128 5 50 105 9 15 123 219 237 -181 40 153 74 -63 -19 -172 -86 -191 -50 35 -110 -30 129 -15 13 240 -170 230 62 -153 209 203 120 -217 -60 57 116 -13 231 -34 -3 152 -213 -85 157 -241 124 -227 -136 -133 75 -52 -73 76 -17 3 54 -107 132 -166 121 85 -145 -193 71 148 112 243 -157 126 165 41 -207 -78 216 155 -37 72 36 -38 138 125 -6 -96 210 135 93 -48 -184 -1 -194 -163 -65 180 -83 217 38 -119 190 58 -243 -206 204 -137 -158 -81 88 -115 -28 -125 198 150 179 -155 -224 -249 -29 2 223 -185 4 -223 31 -212 -41 -93 227 122 -234 -99 6 206 -72 -89 -23 8 47 113 -5 160 154 -159 185 -66 -91 -94 -186 -135 236 238 226 -151 26 108 114 239 156 -76 -56 -148 30 187 109 -214 181 -226 139 21 -127 -77 171 -105 94 208 194 222 137 141 -247 205 163 -26 -175 -169 -162 -196 -112 -240 -225 -21 143 -61 -179 -171 -197 162 -233 176 18 -80 -139 -221 11 25 -122 22 96 242 140 168 -177 -236 158 -69 73 -46 -74 -12 -204 161 -219 55 63 -229 -14 49 170 -160 46 -129 66 -117 142 -202 103 92 -173 65 -165 -44 -101 -43 -149 39 -244 12 193 147 234 175 173 0 -232 102 -55 -67 177 -111 -103 20 -59 -10 -147 -39 -68 -51 -126 -64 61 133 144 -8 -109 249 228 -35 200 183 -79 -132 -168 69 87 201 -84 -4 -209 127 100 202 -116 10 134 -215 84 53 111 130 -189 -62 59 -218 229 90 -216 -164 104 164 91 -183 56 -108 -201 -142 42 192 34 -167 14 -22 -82 172 -220 188 -235 -231 -130 -161 -88 -152 82 221 233 149 -248 -205 -58 220 29 64 -211 37 24 -27 119 -25 -42 -100 186 118 214 215 -131 235 -18 -140 -7 -36 60 32 -98 -121 128 68 -228 189 247 218 207 -47 -246 -188 -245 241 -230 -239 -57 -141 191 -192 -138 -11 52 -124 213 97 -200 78 67 -123 -16 79 -178 -156 95 232 -95 -176 44 -143 -114 159 -106 -104 184 33 196 110 -210 248 -120 -150 -92 7 -242 27 -87 -180 -53 212 174 23 -70 19 107 -182 48 211 -199 1 -187 244 
TEST 37 ARG:115 166 -75 -40 -146 83 86 -31 -238 70 -198 -118 245 151 199 117 178 -102 98 106 81 45 195 17 -174 -190 99 28 -195 -33 -45 224 -2 -250 -49 -20 131 146 246 -90 -54 -71 77 -32 225 -222 43 -208 80 16 136 145 -154 -97 -144 -113 -237 169 182 51 167 89 -9 101 197 -134 -203 -24 -128 5 50 105 9 15 123 219 237 -181 40 153 74 -63 -19 -172 -86 -191 -50 35 -110 -30 129 -15 13 240 -170 230 62 -153 209 203 120 -217 -60 57 116 -13 231 -34 -3 152 -213 -85 157 -241 124 -227 -136 -133 75 -52 -73 76 -17 3 54 -107 132 -166 121 85 -145 -193 71 148 112 243 -157 126 165 41 -207 -78 216 155 -37 72 36 -38 138 125 -6 -96 210 135 93 -48 -184 -1 -194 -163 -65 180 -83 217 38 -119 190 58 -243 -206 204 -137 -158 -81 88 -115 -28 -125 198 150 179 -155 -224 -249 -29 2 223 -185 4 -223 31 -212 -41 -93 227 122 -234 -99 6 206 -72 -89 -23 8 47 113 -5 160 154 -159 185 -66 -91 -94 -186 -135 236 238 226 -151 26 108 114 239 156 -76 -56 -148 30 187 109 -214 181 -226 139 21 -127 -77 171 -105 94 208 194 222 137 141 -247 205 163 -26 -175 -169 -162 -196 -112 -240 -225 -21 143 -61 -179 -171 -197 162 -233 176 18 -80 -139 -221 11 25 -122 22 96 242 140 168 -177 -236 158 -69 73 -46 -74 -12 -204 161 -219 55 63 -229 -14 49 170 -160 46 -129 66 -117 142 -202 103 92 -173 65 -165 -44 -101 -43 -149 39 -244 12 193 147 234 175 173 0 -232 102 -55 -67 177 -111 -103 20 -59 -10 -147 -39 -68 -51 -126 -64 61 133 144 -8 -109 249 228 -35 200 183 -79 -132 -168 69 87 201 -84 -4 -209 127 100 202 -116 10 134 -215 84 53 111 130 -189 -62 59 -218 229 90 -216 -164 104 164 91 -183 56 -108 -201 -142 42 192 34 -167 14 -22 -82 172 -220 188 -235 -231 -130 -161 -88 -152 82 221 233 149 -248 -205 -58 220 29 64 -211 37 24 -27 119 -25 -42 -100 186 118 214 215 -131 235 -18 -140 -7 -36 60 32 -98 -121 128 68 -228 189 247 218 207 -47 -246 -188 -245 241 -230 -239 -57 -141 191 -192 -138 -11 52 -124 213 97 -200 78 67 -123 -16 79 -178 -156 95 232 -95 -176 44 -143 -114 159 -106 -104 184 33 196 110 -210 248 -120 -150 -92 7 -242 27 -87 -180 -53 212 174 23 -70 19 107 -182 48 211 -199 1 -187 244 
TEST 38 ARG:-101 245 98 124 39 -78 -20 -73 38 -85 133 141 -152 115 -62 -212 60 -203 218 95 123 75 100 -106 24 17 21 -207 -82 165 -160 -116 150 64 -244 -236 71 138 -97 -8 228 116 -240 2 16 200 161 158 84 140 -248 -161 66 135 96 184 -98 112 111 85 -173 -45 -220 -178 248 -30 125 -201 67 -61 -159 -63 -70 233 198 -242 -215 170 -24 -4 -28 101 243 -49 -34 152 214 -51 -188 -247 32 -127 -128 -37 -5 -15 -25 -187 199 94 72 1 146 241 -125 -14 26 -146 -129 -50 -175 51 -130 14 224 -190 110 236 126 -177 -147 0 -71 -158 -93 209 -179 191 192 -13 159 -136 210 10 45 204 -170 132 211 46 -148 190 225 -143 -192 37 194 221 -7 -211 137 -171 148 -43 -53 222 121 -223 -245 18 6 89 118 -227 109 73 -219 -176 61 87 -77 68 -221 -200 -52 -76 -102 227 -210 -27 -133 -68 -126 -225 -64 43 128 -10 -80 -144 188 -111 -199 -151 -224 176 86 -191 53 11 -94 -90 155 79 160 20 -114 -241 247 -228 189 -117 223 217 157 -135 -250 177 8 40 -107 -1 -48 -149 -119 203 201 147 50 244 -217 58 47 129 -112 234 131 144 35 -86 41 -134 -105 -249 145 162 13 83 239 -222 99 -156 97 7 149 -16 80 -19 12 54 -197 226 -67 178 -139 -162 -132 134 113 117 -226 -84 -113 163 -131 -122 154 -202 -57 153 164 143 -65 65 -121 107 136 -195 77 44 -11 114 -185 -17 171 -88 62 -79 -206 -55 -81 166 207 213 23 -246 27 -165 4 -74 196 9 232 -164 -54 -154 202 -108 182 240 230 -58 156 -72 25 -87 -237 3 -60 -35 -3 -157 -69 -47 106 -229 -6 5 -167 -232 220 -214 -103 -150 185 -44 70 180 -189 -26 -155 -182 -118 -184 15 231 186 235 242 74 -40 22 142 183 -172 30 -205 28 -186 -145 172 -230 -216 -181 -56 -163 -89 195 -66 215 -141 48 -92 -238 88 -168 238 -209 -233 181 208 -36 -153 -138 -213 212 -91 55 216 104 -9 130 59 -180 -99 119 -137 42 81 -235 34 -198 167 -110 31 -239 169 -33 -166 -95 -31 151 93 246 168 193 69 249 122 92 63 -22 -109 229 90 78 -59 52 -96 179 -120 -174 -204 82 -231 57 -2 -104 91 -208 -115 -100 205 33 174 219 19 -196 -243 173 120 -38 -169 -12 -142 -75 -23 -46 102 -234 187 49 -21 -193 175 -123 105 76 -29 -183 108 -41 -124 36 139 103 29 197 -140 56 -83 -194 -32 237 -218 -18 206 127 -39 -42 
TEST 38 ARG:-101 245 98 124 39 -78 -20 -73 38 -85 133 141 -152 115 -62 -212 60 -203 218 95 123 75 100 -106 24 17 21 -207 -82 165 -160 -116 150 64 -244 -236 71 138 -97 -8 228 116 -240 2 16 200 161 158 84 140 -248 -161 66 135 96 184 -98 112 111 85 -173 -45 -220 -178 248 -30 125 -201 67 -61 -159 -63 -70 233 198 -242 -215 170 -24 -4 -28 101 243 -49 -34 152 214 -51 -188 -247 32 -127 -128 -37 -5 -15 -25 -187 199 94 72 1 146 241 -125 -14 26 -146 -129 -50 -175 51 -130 14 224 -190 110 236 126 -177 -147 0 -71 -158 -93 209 -179 191 192 -13 159 -136 210 10 45 204 -170 132 211 46 -148 190 225 -143 -192 37 194 221 -7 -211 137 -171 148 -43 -53 222 121 -223 -245 18 6 89 118 -227 109 73 -219 -176 61 87 -77 68 -221 -200 -52 -76 -102 227 -210 -27 -133 -68 -126 -225 -64 43 128 -10 -80 -144 188 -111 -199 -151 -224 176 86 -191 53 11 -94 -90 155 79 160 20 -114 -241 247 -228 189 -117 223 217 157 -135 -250 177 8 40 -107 -1 -48 -149 -119 203 201 147 50 244 -217 58 47 129 -112 234 131 144 35 -86 41 -134 -105 -249 145 162 13 83 239 -222 99 -156 97 7 149 -16 80 -19 12 54 -197 226 -67 178 -139 -162 -132 134 113 117 -226 -84 -113 163 -131 -122 154 -202 -57 153 164 143 -65 65 -121 107 136 -195 77 44 -11 114 -185 -17 171 -88 62 -79 -206 -55 -81 166 207 213 23 -246 27 -165 4 -74 196 9 232 -164 -54 -154 202 -108 182 240 230 -58 156 -72 25 -87 -237 3 -60 -35 -3 -157 -69 -47 106 -229 -6 5 -167 -232 220 -214 -103 -150 185 -44 70 180 -189 -26 -155 -182 -118 -184 15 231 186 235 242 74 -40 22 142 183 -172 30 -205 28 -186 -145 172 -230 -216 -181 -56 -163 -89 195 -66 215 -141 48 -92 -238 88 -168 238 -209 -233 181 208 -36 -153 -138 -213 212 -91 55 216 104 -9 130 59 -180 -99 119 -137 42 81 -235 34 -198 167 -110 31 -239 169 -33 -166 -95 -31 151 93 246 168 193 69 249 122 92 63 -22 -109 229 90 78 -59 52 -96 179 -120 -174 -204 82 -231 57 -2 -104 91 -208 -115 -100 205 33 174 219 19 -196 -243 173 120 -38 -169 -12 -142 -75 -23 -46 102 -234 187 49 -21 -193 175 -123 105 76 -29 -183 108 -41 -124 36 139 103 29 197 -140 56 -83 -194 -32 237 -218 -18 206 127 -39 -42 
TEST 39 ARG:71 79 -179 115 2 -145 -183 227 -64 -142 60 -48 -226 -240 -77 206 108 240 -103 124 160 -29 172 154 76 -213 -236 -56 -178 -193 -130 -2 -52 44 -233 218 -247 129 -161 225 245 -107 236 112 -166 219 -39 -128 89 -85 161 169 -197 82 27 213 11 -62 -8 221 120 29 -203 -15 -58 -87 57 -136 150 181 -153 244 -158 191 -36 87 9 65 179 224 104 41 -90 -173 -228 55 121 -164 40 -18 118 -61 222 192 -45 109 151 72 216 119 -172 -249 -241 70 -157 -5 123 -242 237 -94 228 180 144 61 -110 223 -146 -198 -41 -147 171 -118 -201 209 1 -176 -200 -189 -181 188 217 88 63 -91 155 -182 162 -188 126 149 208 -9 32 -215 101 -92 165 132 -248 86 168 197 46 -60 136 -27 -59 4 53 8 131 198 18 -211 -144 -72 -31 -44 -212 -25 -204 -222 -174 220 -244 -129 114 -114 -177 80 215 200 -167 -17 19 135 -104 97 116 38 212 -73 94 -232 37 35 -7 -66 -250 -202 -194 153 -122 77 59 199 175 -154 78 -230 204 -34 137 -234 214 -220 107 -165 230 25 -57 39 -243 10 -141 -84 -82 145 158 130 -218 -71 85 -127 178 -86 -22 67 90 -20 -239 -120 187 -175 140 -113 -24 -221 193 56 73 -28 -40 -96 48 -134 -68 -246 -93 -74 202 -102 12 207 233 234 -33 117 243 -35 -49 147 -150 -115 -219 -16 134 -180 164 -88 43 -227 98 -43 -184 -101 -3 185 138 -105 84 205 152 133 -143 -132 52 16 -205 231 -206 -119 -13 69 -237 -131 -171 -121 157 64 49 54 34 -149 -140 -79 173 -70 -4 249 -156 226 -191 95 58 -109 14 238 -55 -108 -47 186 -12 21 -192 -53 103 22 91 -95 -238 159 7 20 -148 -78 139 -30 83 -67 -97 -162 113 125 23 -214 -124 102 -210 31 -50 30 -46 -14 93 146 -168 50 232 241 3 33 -152 81 -155 247 -19 68 51 229 -10 -199 -223 -163 142 -51 36 196 194 -231 127 -229 195 182 -63 -190 -54 235 -185 201 -65 -38 15 128 -225 -133 -207 100 -160 -245 184 -151 -37 174 -216 -23 -224 42 242 -208 -135 183 -11 177 -125 -100 62 -116 167 0 66 110 163 106 26 -81 28 -217 166 176 5 45 -75 239 -195 210 17 111 -137 156 246 -98 6 148 141 -69 -139 -138 96 203 170 -111 -235 92 -123 -99 122 -186 99 -6 -159 -112 -26 -187 -32 -76 -106 -80 -83 211 47 189 -209 -21 13 -89 248 143 74 -169 75 -117 -1 24 190 -126 105 -196 -170 -42 
TEST 39 ARG:71 79 -179 115 2 -145 -183 227 -64 -142 60 -48 -226 -240 -77 206 108 240 -103 124 160 -29 172 154 76 -213 -236 -56 -178 -193 -130 -2 -52 44 -233 218 -247 129 -161 225 245 -107 236 112 -166 219 -39 -128 89 -85 161 169 -197 82 27 213 11 -62 -8 221 120 29 -203 -15 -58 -87 57 -136 150 181 -153 244 -158 191 -36 87 9 65 179 224 104 41 -90 -173 -228 55 121 -164 40 -18 118 -61 222 192 -45 109 151 72 216 119 -172 -249 -241 70 -157 -5 123 -242 237 -94 228 180 144 61 -110 223 -146 -198 -41 -147 171 -118 -201 209 1 -176 -200 -189 -181 188 217 88 63 -91 155 -182 162 -188 126 149 208 -9 32 -215 101 -92 165 132 -248 86 168 197 46 -60 136 -27 -59 4 53 8 131 198 18 -211 -144 -72 -31 -44 -212 -25 -204 -222 -174 220 -244 -129 114 -114 -177 80 215 200 -167 -17 19 135 -104 97 116 38 212 -73 94 -232 37 35 -7 -66 -250 -202 -194 153 -122 77 59 199 175 -154 78 -230 204 -34 137 -234 214 -220 107 -165 230 25 -57 39 -243 10 -141 -84 -82 145 158 130 -218 -71 85 -127 178 -86 -22 67 90 -20 -239 -120 187 -175 140 -113 -24 -221 193 56 73 -28 -40 -96 48 -134 -68 -246 -93 -74 202 -102 12 207 233 234 -33 117 243 -35 -49 147 -150 -115 -219 -16 134 -180 164 -88 43 -227 98 -43 -184 -101 -3 185 138 -105 84 205 152 133 -143 -132 52 16 -205 231 -206 -119 -13 69 -237 -131 -171 -121 157 64 49 54 34 -149 -140 -79 173 -70 -4 249 -156 226 -191 95 58 -109 14 238 -55 -108 -47 186 -12 21 -192 -53 103 22 91 -95 -238 159 7 20 -148 -78 139 -30 83 -67 -97 -162 113 125 23 -214 -124 102 -210 31 -50 30 -46 -14 93 146 -168 50 232 241 3 33 -152 81 -155 247 -19 68 51 229 -10 -199 -223 -163 142 -51 36 196 194 -231 127 -229 195 182 -63 -190 -54 235 -185 201 -65 -38 15 128 -225 -133 -207 100 -160 -245 184 -151 -37 174 -216 -23 -224 42 242 -208 -135 183 -11 177 -125 -100 62 -116 167 0 66 110 163 106 26 -81 28 -217 166 176 5 45 -75 239 -195 210 17 111 -137 156 246 -98 6 148 141 -69 -139 -138 96 203 170 -111 -235 92 -123 -99 122 -186 99 -6 -159 -112 -26 -187 -32 -76 -106 -80 -83 211 47 189 -209 -21 13 -89 248 143 74 -169 75 -117 -1 24 190 -126 105 -196 -170 -42 
TEST 40 ARG:-150 -85 -97 14 -100 217 178 -225 -144 -23 170 -130 36 227 58 -22 -208 -94 -58 -209 230 -90 -152 -219 4 51 122 -61 162 185 156 142 62 -214 -166 203 193 48 -50 -228 141 134 56 206 113 244 -8 61 -223 -48 242 -92 86 208 235 -243 -98 -224 -102 41 207 71 13 176 -177 200 -181 -4 96 132 93 -84 -234 165 106 72 75 188 -192 5 16 87 -178 -156 190 -240 -125 109 214 -103 18 95 -185 232 83 -33 88 -221 110 -76 -104 57 218 81 -45 -218 -187 225 123 136 -131 -242 -12 -117 198 -134 -183 -108 115 -126 221 -57 7 -43 -136 -229 -193 -51 68 -28 137 -197 -44 -19 -173 28 24 -138 74 98 25 -137 -39 -25 50 26 158 237 169 -146 92 -87 97 -124 -245 -216 -200 -36 -195 239 -161 -81 199 -64 0 -133 126 -135 -111 44 -88 -170 15 243 240 82 195 32 187 233 -52 17 144 164 3 -6 73 -65 186 -231 -119 39 -168 174 -59 -182 118 140 236 248 -31 -95 6 -74 -106 -241 45 152 173 37 55 -169 -155 -7 -167 80 -237 35 -91 33 131 -55 -15 -49 171 -123 -79 -67 148 184 163 -118 133 -35 77 -105 -9 201 -132 -11 -220 172 -180 -113 219 117 129 -202 -236 -204 -233 213 -201 120 -83 -107 1 204 234 202 -222 -17 189 31 -30 -211 84 146 -199 -128 101 -188 -174 -147 128 64 105 183 -46 -99 -70 -175 90 -120 -151 -63 160 10 99 -172 182 150 54 -198 192 -160 209 -232 89 -73 -47 -143 -171 38 -13 -62 147 211 -159 -246 -77 -149 228 49 -60 79 205 -215 124 151 11 161 -239 -42 249 -112 223 -21 46 -66 -34 47 -80 -109 155 22 222 -16 85 70 241 145 -56 139 -154 -121 -24 102 65 29 -176 210 -53 -20 125 229 -207 -54 -96 111 116 -248 -68 247 -78 -29 -1 -93 -186 127 -203 -38 42 8 246 19 -238 43 -115 -164 -157 -86 114 -122 -217 -205 212 2 -184 -72 27 166 175 -141 224 167 191 -142 -190 -32 21 108 112 177 121 20 60 104 78 40 -196 -153 103 -18 12 30 -244 -212 149 -145 -127 100 179 107 226 91 -158 -27 157 94 143 -82 -250 -210 168 -3 -235 -191 -69 -5 -249 -89 180 138 76 -26 -230 -148 231 130 220 181 -213 -2 -139 -10 -40 154 66 -41 197 -227 -140 216 -114 194 -189 -165 -75 -14 153 52 215 59 69 -226 159 23 -110 -194 9 -129 -206 -179 119 238 -101 -247 -37 -71 67 196 245 -163 -116 53 -162 34 63 135 
TEST 40 ARG:-150 -85 -97 14 -100 217 178 -225 -144 -23 170 -130 36 227 58 -22 -208 -94 -58 -209 230 -90 -152 -219 4 51 122 -61 162 185 156 142 62 -214 -166 203 193 48 -50 -228 141 134 56 206 113 244 -8 61 -223 -48 242 -92 86 208 235 -243 -98 -224 -102 41 207 71 13 176 -177 200 -181 -4 96 132 93 -84 -234 165 106 72 75 188 -192 5 16 87 -178 -156 190 -240 -125 109 214 -103 18 95 -185 232 83 -33 88 -221 110 -76 -104 57 218 81 -45 -218 -187 225 123 136 -131 -242 -12 -117 198 -134 -183 -108 115 -126 221 -57 7 -43 -136 -229 -193 -51 68 -28 137 -197 -44 -19 -173 28 24 -138 74 98 25 -137 -39 -25 50 26 158 237 169 -146 92 -87 97 -124 -245 -216 -200 -36 -195 239 -161 -81 199 -64 0 -133 126 -135 -111 44 -88 -170 15 243 240 82 195 32 187 233 -52 17 144 164 3 -6 73 -65 186 -231 -119 39 -168 174 -59 -182 118 140 236 248 -31 -95 6 -74 -106 -241 45 152 173 37 55 -169 -155 -7 -167 80 -237 35 -91 33 131 -55 -15 -49 171 -123 -79 -67 148 184 163 -118 133 -35 77 -105 -9 201 -132 -11 -220 172 -180 -113 219 117 129 -202 -236 -204 -233 213 -201 120 -83 -107 1 204 234 202 -222 -17 189 31 -30 -211 84 146 -199 -128 101 -188 -174 -147 128 64 105 183 -46 -99 -70 -175 90 -120 -151 -63 160 10 99 -172 182 150 54 -198 192 -160 209 -232 89 -73 -47 -143 -171 38 -13 -62 147 211 -159 -246 -77 -149 228 49 -60 79 205 -215 124 151 11 161 -239 -42 249 -112 223 -21 46 -66 -34 47 -80 -109 155 22 222 -16 85 70 241 145 -56 139 -154 -121 -24 102 65 29 -176 210 -53 -20 125 229 -207 -54 -96 111 116 -248 -68 247 -78 -29 -1 -93 -186 127 -203 -38 42 8 246 19 -238 43 -115 -164 -157 -86 114 -122 -217 -205 212 2 -184 -72 27 166 175 -141 224 167 191 -142 -190 -32 21 108 112 177 121 20 60 104 78 40 -196 -153 103 -18 12 30 -244 -212 149 -145 -127 100 179 107 226 91 -158 -27 157 94 143 -82 -250 -210 168 -3 -235 -191 -69 -5 -249 -89 180 138 76 -26 -230 -148 231 130 220 181 -213 -2 -139 -10 -40 154 66 -41 197 -227 -140 216 -114 194 -189 -165 -75 -14 153 52 215 59 69 -226 159 23 -110 -194 9 -129 -206 -179 119 238 -101 -247 -37 -71 67 196 245 -163 -116 53 -162 34 63 135 
TEST 41 ARG:163 169 157 -156 -187 16 154 -173 -174 14 126 65 204 -95 20 74 -146 -21 57 -191 101 117 -213 213 224 139 223 -74 -64 140 221 -50 -197 -209 -59 -212 -132 89 39 -30 -217 229 -22 -58 168 -86 107 -177 115 -84 -244 72 -204 -75 56 -240 227 172 134 -45 219 10 -176 -19 153 -166 -155 90 190 98 -220 211 25 7 91 61 -46 -162 -190 -18 182 52 186 99 233 53 -85 234 -192 11 -122 -73 124 -120 28 -134 -113 103 -2 122 200 114 82 -188 216 -165 145 -223 -245 243 -180 2 180 18 84 46 -29 -94 -215 70 36 33 29 -44 -183 138 109 111 -1 162 12 -205 179 -148 -201 -226 -10 110 44 105 -41 -43 214 104 8 -221 -172 -202 -36 -200 55 -145 217 -241 -224 -144 40 183 166 238 -17 170 -81 3 129 92 1 148 151 106 -151 -91 198 244 207 -194 -40 19 -218 -55 245 -115 -186 206 143 -167 191 -117 -239 -52 -111 87 141 218 -227 80 -185 -28 185 -39 123 -57 78 24 94 96 95 -99 22 88 -140 -208 137 31 -152 67 -67 -7 -150 75 222 239 13 135 23 17 -33 -210 -193 34 203 -114 -234 -124 125 232 79 -216 -164 -237 -123 -230 -20 -26 -214 6 237 -138 189 215 -98 -77 -68 -135 -112 -35 -159 178 -128 -154 15 -211 68 -233 -34 209 -80 -228 -127 -248 165 -163 73 100 199 -3 102 -38 -170 164 26 -69 -225 -199 -133 -51 -160 195 -108 76 -250 51 -70 -107 -238 -66 4 -206 62 63 -87 -229 -37 86 -12 -13 194 235 -126 112 -119 60 181 -242 45 -131 -249 -236 69 202 -222 -42 -53 -243 77 -88 146 -24 97 247 -153 -143 -32 -110 58 171 -72 30 132 -16 -106 -48 -56 -109 133 236 212 -54 -8 49 85 -15 210 -178 -231 147 38 5 248 131 71 205 -27 -97 -121 184 -23 228 -189 -147 42 -60 113 -181 35 -82 177 -157 192 241 -14 -142 159 50 -203 -104 176 -175 -62 187 -25 -171 -158 59 -198 32 161 116 127 -105 -182 -130 54 -141 -4 -65 155 -102 149 -196 -71 188 47 220 43 196 -101 226 230 175 -139 -219 41 -136 -195 120 156 21 -96 242 240 -235 93 119 -246 -129 144 -11 197 -31 -100 -83 -47 -6 -137 193 -63 66 130 -179 -168 158 0 -125 249 -161 9 -61 -149 -92 108 -49 -207 231 48 225 201 -90 -116 -247 81 160 173 -184 -93 83 -89 208 118 27 167 128 -169 -103 -232 142 -79 -5 64 152 -9 -78 -76 136 174 -118 121 37 150 246 
TEST 41 ARG:163 169 157 -156 -187 16 154 -173 -174 14 126 65 204 -95 20 74 -146 -21 57 -191 101 117 -213 213 224 139 223 -74 -64 140 221 -50 -197 -209 -59 -212 -132 89 39 -30 -217 229 -22 -58 168 -86 107 -177 115 -84 -244 72 -204 -75 56 -240 227 172 134 -45 219 10 -176 -19 153 -166 -155 90 190 98 -220 211 25 7 91 61 -46 -162 -190 -18 182 52 186 99 233 53 -85 234 -192 11 -122 -73 124 -120 28 -134 -113 103 -2 122 200 114 82 -188 216 -165 145 -223 -245 243 -180 2 180 18 84 46 -29 -94 -215 70 36 33 29 -44 -183 138 109 111 -1 162 12 -205 179 -148 -201 -226 -10 110 44 105 -41 -43 214 104 8 -221 -172 -202 -36 -200 55 -145 217 -241 -224 -144 40 183 166 238 -17 170 -81 3 129 92 1 148 151 106 -151 -91 198 244 207 -194 -40 19 -218 -55 245 -115 -186 206 143 -167 191 -117 -239 -52 -111 87 141 218 -227 80 -185 -28 185 -39 123 -57 78 24 94 96 95 -99 22 88 -140 -208 137 31 -152 67 -67 -7 -150 75 222 239 13 135 23 17 -33 -210 -193 34 203 -114 -234 -124 125 232 79 -216 -164 -237 -123 -230 -20 -26 -214 6 237 -138 189 215 -98 -77 -68 -135 -112 -35 -159 178 -128 -154 15 -211 68 -233 -34 209 -80 -228 -127 -248 165 -163 73 100 199 -3 102 -38 -170 164 26 -69 -225 -199 -133 -51 -160 195 -108 76 -250 51 -70 -107 -238 -66 4 -206 62 63 -87 -229 -37 86 -12 -13 194 235 -126 112 -119 60 181 -242 45 -131 -249 -236 69 202 -222 -42 -53 -243 77 -88 146 -24 97 247 -153 -143 -32 -110 58 171 -72 30 132 -16 -106 -48 -56 -109 133 236 212 -54 -8 49 85 -15 210 -178 -231 147 38 5 248 131 71 205 -27 -97 -121 184 -23 228 -189 -147 42 -60 113 -181 35 -82 177 -157 192 241 -14 -142 159 50 -203 -104 176 -175 -62 187 -25 -171 -158 59 -198 32 161 116 127 -105 -182 -130 54 -141 -4 -65 155 -102 149 -196 -71 188 47 220 43 196 -101 226 230 175 -139 -219 41 -136 -195 120 156 21 -96 242 240 -235 93 119 -246 -129 144 -11 197 -31 -100 -83 -47 -6 -137 193 -63 66 130 -179 -168 158 0 -125 249 -161 9 -61 -149 -92 108 -49 -207 231 48 225 201 -90 -116 -247 81 160 173 -184 -93 83 -89 208 118 27 167 128 -169 -103 -232 142 -79 -5 64 152 -9 -78 -76 136 174 -118 121 37 150 246 
TEST 42 ARG:-11 181 148 -102 6 208 -26 19 165 43 -79 -134 33 -71 102 62 -138 -194 249 233 48 169 196 -87 0 239 235 -186 44 -135 38 65 68 144 166 227 192 4 -57 -58 24 -202 -160 -16 -205 -153 -212 -4 -133 95 -69 112 240 -198 214 27 -116 -224 -124 -126 -96 -192 175 37 -166 205 124 -37 -63 -156 119 -59 225 137 210 202 82 -40 -90 -117 160 -81 -175 41 152 231 222 -159 40 -228 -118 241 12 -41 -23 149 16 -95 199 189 -84 -213 80 -152 121 200 -240 -142 21 25 -98 -112 -39 7 184 -223 172 139 -29 -190 111 3 -20 179 163 -210 22 53 123 209 -51 228 -22 -207 -169 -53 -232 -76 30 -218 243 -187 140 51 -221 -132 93 106 -168 83 247 94 -165 -245 -150 -100 -215 213 170 99 118 153 224 -226 9 -9 193 54 14 -6 203 248 -10 -91 50 132 -101 -193 67 -31 56 -38 -5 -234 91 207 101 -61 146 -99 -70 -48 -19 -147 -222 145 201 217 -144 162 8 -44 115 -139 23 -183 133 -180 -52 -113 -148 -47 46 47 -62 -184 220 11 -127 109 88 58 -8 103 -174 66 -239 -32 -162 154 -72 -27 -154 -60 -216 194 -191 157 173 -2 45 -111 114 -163 18 -97 178 -137 171 -250 -123 79 -237 -158 -24 36 197 -108 -93 -43 74 186 127 244 10 -3 -36 130 -35 -177 -92 69 -105 26 232 150 141 177 -172 -149 -201 229 -206 1 -33 188 -225 -214 -248 64 164 84 77 245 237 242 -230 -219 13 -1 230 -244 57 151 -171 183 29 -78 234 131 55 -185 -231 125 -182 -74 215 107 211 246 -130 -176 -73 126 129 -103 -170 -203 168 -15 -208 31 138 -121 -247 -119 52 116 -157 63 73 212 -145 15 -14 59 -173 -196 -241 -34 195 -54 61 -55 -200 204 72 75 223 -179 -80 206 96 -155 -243 -46 70 113 191 221 -128 -94 -131 -85 -67 218 17 -227 185 -110 28 42 -129 -114 198 -68 -106 90 -115 -104 -122 190 159 -204 -28 238 -188 -197 155 161 -13 92 -178 -17 219 120 -77 -30 -21 -125 -107 -49 71 100 -141 76 117 -161 136 -229 -146 -50 128 49 -209 -88 -12 134 -151 98 -86 -235 -109 -64 105 20 143 -181 -136 167 216 147 -143 -199 34 2 226 187 -18 -195 -164 78 85 -25 -236 122 -217 -45 5 -220 -65 -120 86 176 -140 182 158 -75 81 -189 97 -233 -82 -56 -211 -249 -42 39 -7 135 87 60 -83 -89 174 -238 110 180 32 89 -246 35 142 -167 -66 236 104 156 108 -242 
TEST 42 ARG:-11 181 148 -102 6 208 -26 19 165 43 -79 -134 33 -71 102 62 -138 -194 249 233 48 169 196 -87 0 239 235 -186 44 -135 38 65 68 144 166 227 192 4 -57 -58 24 -202 -160 -16 -205 -153 -212 -4 -133 95 -69 112 240 -198 214 27 -116 -224 -124 -126 -96 -192 175 37 -166 205 124 -37 -63 -156 119 -59 225 137 210 202 82 -40 -90 -117 160 -81 -175 41 152 231 222 -159 40 -228 -118 241 12 -41 -23 149 16 -95 199 189 -84 -213 80 -152 121 200 -240 -142 21 25 -98 -112 -39 7 184 -223 172 139 -29 -190 111 3 -20 179 163 -210 22 53 123 209 -51 228 -22 -207 -169 -53 -232 -76 30 -218 243 -187 140 51 -221 -132 93 106 -168 83 247 94 -165 -245 -150 -100 -215 213 170 99 118 153 224 -226 9 -9 193 54 14 -6 203 248 -10 -91 50 132 -101 -193 67 -31 56 -38 -5 -234 91 207 101 -61 146 -99 -70 -48 -19 -147 -222 145 201 217 -144 162 8 -44 115 -139 23 -183 133 -180 -52 -113 -148 -47 46 47 -62 -184 220 11 -127 109 88 58 -8 103 -174 66 -239 -32 -162 154 -72 -27 -154 -60 -216 194 -191 157 173 -2 45 -111 114 -163 18 -97 178 -137 171 -250 -123 79 -237 -158 -24 36 197 -108 -93 -43 74 186 127 244 10 -3 -36 130 -35 -177 -92 69 -105 26 232 150 141 177 -172 -149 -201 229 -206 1 -33 188 -225 -214 -248 64 164 84 77 245 237 242 -230 -219 13 -1 230 -244 57 151 -171 183 29 -78 234 131 55 -185 -231 125 -182 -74 215 107 211 246 -130 -176 -73 126 129 -103 -170 -203 168 -15 -208 31 138 -121 -247 -119 52 116 -157 63 73 212 -145 15 -14 59 -173 -196 -241 -34 195 -54 61 -55 -200 204 72 75 223 -179 -80 206 96 -155 -243 -46 70 113 191 221 -128 -94 -131 -85 -67 218 17 -227 185 -110 28 42 -129 -114 198 -68 -106 90 -115 -104 -122 190 159 -204 -28 238 -188 -197 155 161 -13 92 -178 -17 219 120 -77 -30 -21 -125 -107 -49 71 100 -141 76 117 -161 136 -229 -146 -50 128 49 -209 -88 -12 134 -151 98 -86 -235 -109 -64 105 20 143 -181 -136 167 216 147 -143 -199 34 2 226 187 -18 -195 -164 78 85 -25 -236 122 -217 -45 5 -220 -65 -120 86 176 -140 182 158 -75 81 -189 97 -233 -82 -56 -211 -249 -42 39 -7 135 87 60 -83 -89 174 -238 110 180 32 89 -246 35 142 -167 -66 236 104 156 108 -242 
TEST 43 ARG:-9 -74 84 -112 187 22 33 38 189 18 159 241 -63 -88 13 -130 -139 224 39 17 117 -199 211 -32 -178 93 -77 -250 210 155 -120 68 -123 -207 -175 167 -21 -56 129 10 47 194 -104 203 -23 -179 152 -54 85 94 201 -91 206 27 -64 79 245 -46 -113 -167 137 215 148 193 151 227 105 -227 132 237 -83 -211 229 126 133 -176 -162 35 -201 -222 42 -11 -209 112 25 113 163 -97 171 -94 -129 -214 -8 149 200 -52 223 -186 51 195 -110 -234 45 172 -26 -18 -58 -45 -164 197 -210 -181 5 -185 -148 -114 213 136 83 -242 244 23 20 -40 -53 -12 147 -193 -200 182 -174 -115 -116 -168 14 -82 62 -132 -17 -134 217 4 -187 76 -140 24 53 9 141 87 -245 59 -125 -243 198 43 -106 -24 -55 -221 -236 -244 -73 11 -7 -191 -145 160 -137 -102 77 -107 -204 -161 -75 -154 -124 228 116 220 154 -71 -155 -249 -117 208 -100 168 -127 -172 -66 -220 233 -50 239 103 -39 -92 -6 -192 175 -108 -149 100 2 157 -87 110 -219 58 -238 -184 -183 -157 30 150 -232 240 99 125 123 108 146 176 -195 48 -43 142 -44 -48 177 -121 65 119 -215 -206 12 -80 1 249 36 107 -49 57 -169 153 -133 -240 73 -99 238 131 -67 -47 -38 -144 56 37 -51 66 102 -59 -231 -198 235 184 64 173 -205 82 26 243 31 -62 -30 -165 135 0 -65 -180 -158 -138 -228 -122 -119 -4 90 106 185 145 -3 -95 -202 -213 -128 -188 121 -237 -247 -218 -163 183 7 -141 -229 139 32 -147 75 -189 -105 67 -57 72 199 101 -233 -101 61 -166 -25 -246 -197 -22 170 -208 -29 115 -68 -103 -131 226 16 -146 202 134 -10 111 -90 -61 -135 -225 95 191 98 -156 143 -60 190 -212 54 -5 89 166 120 248 -230 19 -69 -177 209 -34 -170 192 15 219 -42 -31 60 109 28 -111 -190 34 -1 -14 88 205 232 164 156 6 231 -78 181 -118 -89 114 214 -76 41 242 -239 -98 212 -151 74 -160 96 29 97 207 49 169 -86 63 186 218 -70 -241 55 -126 81 165 -224 -93 -81 196 -248 124 69 78 -171 246 222 -79 -196 236 -96 221 158 144 -153 -223 -173 -203 247 -2 -35 225 104 -182 -15 -143 180 3 188 127 -19 -84 -142 179 -72 46 70 -109 21 -20 40 71 -217 -28 138 216 -85 -194 -27 161 91 -36 86 -37 80 50 -33 230 -136 44 174 92 140 -159 204 52 128 -13 -235 130 -16 234 178 -226 122 -41 -216 -150 8 118 162 -152 
TEST 43 ARG:-9 -74 84 -112 187 22 33 38 189 18 159 241 -63 -88 13 -130 -139 224 39 17 117 -199 211 -32 -178 93 -77 -250 210 155 -120 68 -123 -207 -175 167 -21 -56 129 10 47 194 -104 203 -23 -179 152 -54 85 94 201 -91 206 27 -64 79 245 -46 -113 -167 137 215 148 193 151 227 105 -227 132 237 -83 -211 229 126 133 -176 -162 35 -201 -222 42 -11 -209 112 25 113 163 -97 171 -94 -129 -214 -8 149 200 -52 223 -186 51 195 -110 -234 45 172 -26 -18 -58 -45 -164 197 -210 -181 5 -185 -148 -114 213 136 83 -242 244 23 20 -40 -53 -12 147 -193 -200 182 -174 -115 -116 -168 14 -82 62 -132 -17 -134 217 4 -187 76 -140 24 53 9 141 87 -245 59 -125 -243 198 43 -106 -24 -55 -221 -236 -244 -73 11 -7 -191 -145 160 -137 -102 77 -107 -204 -161 -75 -154 -124 228 116 220 154 -71 -155 -249 -117 208 -100 168 -127 -172 -66 -220 233 -50 239 103 -39 -92 -6 -192 175 -108 -149 100 2 157 -87 110 -219 58 -238 -184 -183 -157 30 150 -232 240 99 125 123 108 146 176 -195 48 -43 142 -44 -48 177 -121 65 119 -215 -206 12 -80 1 249 36 107 -49 57 -169 153 -133 -240 73 -99 238 131 -67 -47 -38 -144 56 37 -51 66 102 -59 -231 -198 235 184 64 173 -205 82 26 243 31 -62 -30 -165 135 0 -65 -180 -158 -138 -228 -122 -119 -4 90 106 185 145 -3 -95 -202 -213 -128 -188 121 -237 -247 -218 -163 183 7 -141 -229 139 32 -147 75 -189 -105 67 -57 72 199 101 -233 -101 61 -166 -25 -246 -197 -22 170 -208 -29 115 -68 -103 -131 226 16 -146 202 134 -10 111 -90 -61 -135 -225 95 191 98 -156 143 -60 190 -212 54 -5 89 166 120 248 -230 19 -69 -177 209 -34 -170 192 15 219 -42 -31 60 109 28 -111 -190 34 -1 -14 88 205 232 164 156 6 231 -78 181 -118 -89 114 214 -76 41 242 -239 -98 212 -151 74 -160 96 29 97 207 49 169 -86 63 186 218 -70 -241 55 -126 81 165 -224 -93 -81 196 -248 124 69 78 -171 246 222 -79 -196 236 -96 221 158 144 -153 -223 -173 -203 247 -2 -35 225 104 -182 -15 -143 180 3 188 127 -19 -84 -142 179 -72 46 70 -109 21 -20 40 71 -217 -28 138 216 -85 -194 -27 161 91 -36 86 -37 80 50 -33 230 -136 44 174 92 140 -159 204 52 128 -13 -235 130 -16 234 178 -226 122 -41 -216 -150 8 118 162 -152 
TEST 44 ARG:223 53 231 -208 1 -148 -107 -43 -97 0 15 215 -8 116 -207 4 -218 -190 123 -157 63 -69 -62 -17 -233 146 -178 -198 227 18 34 219 5 54 193 -16 211 -121 245 -188 -245 -235 203 120 -150 -84 47 69 243 89 104 118 -19 -2 163 -105 -224 -193 230 156 -239 -137 -237 248 182 -221 -229 55 74 117 -30 161 160 -227 98 -203 88 -35 19 -11 -21 153 -168 -132 218 -248 -33 224 240 142 58 184 -27 -212 -232 -127 -247 -81 -220 -50 -113 29 -111 38 189 139 134 -200 -31 -100 183 20 -90 138 -4 -205 -175 106 70 -96 -210 26 -89 59 -94 -162 236 -5 -87 75 151 242 -110 -101 112 -131 -141 -64 -58 -65 -38 152 -181 -34 -154 135 -99 -68 24 2 -7 111 220 -238 80 28 -249 -126 181 37 178 -23 39 -70 150 -192 97 128 100 45 154 174 -63 -158 86 188 -230 -24 -57 -243 -28 -214 66 -109 162 56 234 -186 -25 -9 -159 -145 129 158 52 14 68 102 -56 -12 87 -169 140 -41 168 -116 -222 -106 -79 -139 62 -115 -123 -236 238 136 -124 125 179 247 -187 -60 10 214 202 -54 217 166 200 205 32 -117 35 185 108 -182 91 144 -135 -174 9 -36 -18 124 195 -78 -246 177 187 132 190 110 -55 -206 -179 121 192 241 147 113 -234 -98 -166 -223 -40 -51 -88 -53 -125 149 -170 127 -22 -122 72 -147 3 6 191 -74 -143 -75 201 -114 -130 155 222 -76 85 122 -219 -119 131 -149 235 233 -48 -189 44 13 -194 73 -71 -167 167 165 43 22 42 197 -151 221 49 40 213 180 -29 8 76 -197 -85 170 51 246 -152 169 130 99 92 -177 7 -45 -32 210 -216 -80 -250 17 -37 226 -195 -66 -225 -228 12 199 244 16 79 -118 67 -180 175 -83 -59 96 228 -14 57 -86 176 103 -183 186 -10 172 115 50 33 -134 -44 -95 82 208 -103 141 -39 -226 101 -211 -204 -20 -142 216 93 -171 -242 164 -47 78 -173 -146 -129 -140 212 -26 -161 109 30 -163 -244 -1 -6 95 36 -3 11 148 71 -73 229 -112 27 114 83 -77 -164 -155 -52 -104 -128 -67 25 -231 198 225 46 -61 -138 157 249 94 204 209 -160 119 -176 41 -108 206 -201 81 159 194 64 -241 -215 107 -199 84 61 -49 -46 -172 -91 -185 48 232 -209 -82 -153 -15 239 -136 -72 143 -120 90 207 -213 31 133 -102 -144 237 -133 173 105 65 -240 -165 126 171 145 -13 196 60 21 -184 -156 -42 23 -191 -92 137 -217 77 -196 -93 -202 
TEST 44 ARG:223 53 231 -208 1 -148 -107 -43 -97 0 15 215 -8 116 -207 4 -218 -190 123 -157 63 -69 -62 -17 -233 146 -178 -198 227 18 34 219 5 54 193 -16 211 -121 245 -188 -245 -235 203 120 -150 -84 47 69 243 89 104 118 -19 -2 163 -105 -224 -193 230 156 -239 -137 -237 248 182 -221 -229 55 74 117 -30 161 160 -227 98 -203 88 -35 19 -11 -21 153 -168 -132 218 -248 -33 224 240 142 58 184 -27 -212 -232 -127 -247 -81 -220 -50 -113 29 -111 38 189 139 134 -200 -31 -100 183 20 -90 138 -4 -205 -175 106 70 -96 -210 26 -89 59 -94 -162 236 -5 -87 75 151 242 -110 -101 112 -131 -141 -64 -58 -65 -38 152 -181 -34 -154 135 -99 -68 24 2 -7 111 220 -238 80 28 -249 -126 181 37 178 -23 39 -70 150 -192 97 128 100 45 154 174 -63 -158 86 188 -230 -24 -57 -243 -28 -214 66 -109 162 56 234 -186 -25 -9 -159 -145 129 158 52 14 68 102 -56 -12 87 -169 140 -41 168 -116 -222 -106 -79 -139 62 -115 -123 -236 238 136 -124 125 179 247 -187 -60 10 214 202 -54 217 166 200 205 32 -117 35 185 108 -182 91 144 -135 -174 9 -36 -18 124 195 -78 -246 177 187 132 190 110 -55 -206 -179 121 192 241 147 113 -234 -98 -166 -223 -40 -51 -88 -53 -125 149 -170 127 -22 -122 72 -147 3 6 191 -74 -143 -75 201 -114 -130 155 222 -76 85 122 -219 -119 131 -149 235 233 -48 -189 44 13 -194 73 -71 -167 167 165 43 22 42 197 -151 221 49 40 213 180 -29 8 76 -197 -85 170 51 246 -152 169 130 99 92 -177 7 -45 -32 210 -216 -80 -250 17 -37 226 -195 -66 -225 -228 12 199 244 16 79 -118 67 -180 175 -83 -59 96 228 -14 57 -86 176 103 -183 186 -10 172 115 50 33 -134 -44 -95 82 208 -103 141 -39 -226 101 -211 -204 -20 -142 216 93 -171 -242 164 -47 78 -173 -146 -129 -140 212 -26 -161 109 30 -163 -244 -1 -6 95 36 -3 11 148 71 -73 229 -112 27 114 83 -77 -164 -155 -52 -104 -128 -67 25 -231 198 225 46 -61 -138 157 249 94 204 209 -160 119 -176 41 -108 206 -201 81 159 194 64 -241 -215 107 -199 84 61 -49 -46 -172 -91 -185 48 232 -209 -82 -153 -15 239 -136 -72 143 -120 90 207 -213 31 133 -102 -144 237 -133 173 105 65 -240 -165 126 171 145 -13 196 60 21 -184 -156 -42 23 -191 -92 137 -217 77 -196 -93 -202 
TEST 45 ARG:-206 147 -125 -50 235 -12 122 -75 -129 188 -186 154 -221 -177 -155 245 -228 207 200 -182 246 210 -56 184 -157 -104 20 230 54 105 -178 69 169 32 -79 -7 -247 249 -190 220 -144 3 -219 24 130 -25 -128 240 183 -99 214 -88 -107 -238 71 109 -48 -216 -41 -180 106 167 -83 103 136 -208 76 234 -200 123 187 -211 -11 -188 39 160 -89 -192 -66 -21 94 236 117 -187 150 19 213 42 247 23 -134 -223 -164 -174 -51 -33 -227 -118 -113 242 -127 204 -159 -249 172 45 1 88 52 -42 233 -241 -233 86 58 170 190 -17 114 -225 110 65 22 72 16 -202 159 -28 -9 186 53 8 -26 212 18 101 -240 48 138 223 -147 201 198 -154 77 -44 -152 -140 -146 -176 152 26 215 211 -231 -13 -172 139 -93 -195 134 206 108 -122 -110 241 120 205 43 217 -58 193 -18 -60 -139 -143 237 -137 50 175 34 28 -52 153 -97 222 -230 -132 -74 -124 85 61 49 -131 -224 -63 -102 -114 -248 189 -126 -184 -207 -10 -91 -77 -71 141 5 -111 166 158 -38 144 -145 67 -64 121 -133 229 -31 60 -105 -150 -135 195 33 21 -82 -153 113 133 -8 -76 -49 25 164 -103 142 -166 97 -22 219 194 41 226 -149 140 -100 -81 47 228 107 -169 -123 -40 129 -193 -189 -121 -46 -96 -1 -199 -55 111 132 118 -220 -37 -2 -194 -43 -84 124 182 -68 225 -148 51 -73 112 -229 -191 174 63 79 -201 -108 -57 199 80 -78 -67 -212 -151 -175 10 -163 35 46 161 135 98 218 -80 -92 55 -222 227 17 -16 2 82 68 -161 -62 -98 -210 -5 91 -217 -246 -203 -15 -196 -142 -36 191 83 -237 -236 38 239 66 99 104 178 -94 -117 208 -226 57 -120 -167 92 202 6 -53 -197 -30 -244 177 -32 -45 4 209 -232 238 248 -29 29 162 -24 243 89 -54 196 -116 9 -47 -213 180 81 90 119 203 -250 95 93 73 137 -138 -39 149 -65 87 216 -106 37 -20 -214 -34 -4 128 -112 -95 197 -160 -168 224 -170 -70 143 14 -86 148 40 12 -173 -119 -101 -181 131 30 -162 -61 62 36 163 125 15 -209 -215 185 7 221 192 -171 0 231 84 -72 102 100 179 -59 -198 -158 -85 176 27 -14 96 -23 -115 -6 -183 116 155 -90 -245 151 -242 -156 181 -239 -130 165 -109 13 70 -3 232 173 -87 -136 -141 146 11 244 -179 126 59 -205 115 44 -35 -27 157 -235 -69 75 168 78 31 -185 74 -234 -165 171 -218 127 64 -204 156 -19 56 145 -243 
TEST 45 ARG:-206 147 -125 -50 235 -12 122 -75 -129 188 -186 154 -221 -177 -155 245 -228 207 200 -182 246 210 -56 184 -157 -104 20 230 54 105 -178 69 169 32 -79 -7 -247 249 -190 220 -144 3 -219 24 130 -25 -128 240 183 -99 214 -88 -107 -238 71 109 -48 -216 -41 -180 106 167 -83 103 136 -208 76 234 -200 123 187 -211 -11 -188 39 160 -89 -192 -66 -21 94 236 117 -187 150 19 213 42 247 23 -134 -223 -164 -174 -51 -33 -227 -118 -113 242 -127 204 -159 -249 172 45 1 88 52 -42 233 -241 -233 86 58 170 190 -17 114 -225 110 65 22 72 16 -202 159 -28 -9 186 53 8 -26 212 18 101 -240 48 138 223 -147 201 198 -154 77 -44 -152 -140 -146 -176 152 26 215 211 -231 -13 -172 139 -93 -195 134 206 108 -122 -110 241 120 205 43 217 -58 193 -18 -60 -139 -143 237 -137 50 175 34 28 -52 153 -97 222 -230 -132 -74 -124 85 61 49 -131 -224 -63 -102 -114 -248 189 -126 -184 -207 -10 -91 -77 -71 141 5 -111 166 158 -38 144 -145 67 -64 121 -133 229 -31 60 -105 -150 -135 195 33 21 -82 -153 113 133 -8 -76 -49 25 164 -103 142 -166 97 -22 219 194 41 226 -149 140 -100 -81 47 228 107 -169 -123 -40 129 -193 -189 -121 -46 -96 -1 -199 -55 111 132 118 -220 -37 -2 -194 -43 -84 124 182 -68 225 -148 51 -73 112 -229 -191 174 63 79 -201 -108 -57 199 80 -78 -67 -212 -151 -175 10 -163 35 46 161 135 98 218 -80 -92 55 -222 227 17 -16 2 82 68 -161 -62 -98 -210 -5 91 -217 -246 -203 -15 -196 -142 -36 191 83 -237 -236 38 239 66 99 104 178 -94 -117 208 -226 57 -120 -167 92 202 6 -53 -197 -30 -244 177 -32 -45 4 209 -232 238 248 -29 29 162 -24 243 89 -54 196 -116 9 -47 -213 180 81 90 119 203 -250 95 93 73 137 -138 -39 149 -65 87 216 -106 37 -20 -214 -34 -4 128 -112 -95 197 -160 -168 224 -170 -70 143 14 -86 148 40 12 -173 -119 -101 -181 131 30 -162 -61 62 36 163 125 15 -209 -215 185 7 221 192 -171 0 231 84 -72 102 100 179 -59 -198 -158 -85 176 27 -14 96 -23 -115 -6 -183 116 155 -90 -245 151 -242 -156 181 -239 -130 165 -109 13 70 -3 232 173 -87 -136 -141 146 11 244 -179 126 59 -205 115 44 -35 -27 157 -235 -69 75 168 78 31 -185 74 -234 -165 171 -218 127 64 -204 156 -19 56 145 -243 
TEST 46 ARG:-248 -72 174 -199 180 -234 -225 74 -140 -188 147 -214 211 -57 -67 -111 104 -174 34 37 26 83 -22 178 -142 -2 80 15 -118 220 33 241 232 63 238 120 199 -53 7 103 -116 40 151 222 -103 -183 216 111 -12 -21 -71 208 245 98 102 84 -1 177 -168 167 100 -46 -150 -68 -200 -213 -165 105 -61 55 145 -109 95 3 -159 171 115 243 -198 139 221 176 60 -92 184 -98 -7 -144 -176 -223 158 -86 -97 -115 -28 43 225 213 -14 137 -155 -125 182 22 246 -243 -171 -102 -184 -224 135 89 -231 -34 219 69 -6 47 -50 218 -197 -203 188 57 -82 169 9 -38 -62 -162 164 25 -131 -59 203 -148 207 -192 181 -45 -105 -93 -232 -133 -229 81 -169 -175 79 -58 128 204 237 -178 249 -245 -40 130 159 -20 -208 -240 86 124 93 -11 -246 -201 35 -54 73 154 17 -99 68 133 -195 170 42 134 -124 -24 -76 -90 201 -32 64 -96 6 -244 -19 75 94 23 116 -196 -29 173 4 -152 -73 -149 56 -218 -233 -44 248 140 125 -108 202 -137 -15 214 -4 19 129 -194 -146 -173 -35 -141 244 -156 -16 30 223 59 -88 131 206 -33 -77 242 -209 -74 229 -10 29 -69 138 161 44 -5 -87 -39 -153 66 -106 193 -27 -70 70 117 -247 -43 -13 -83 156 -160 -114 -127 -136 32 91 -145 -187 -158 39 -226 -60 61 -222 -206 -157 88 -139 -79 -216 122 183 189 -166 -180 -91 10 52 -219 198 -52 77 -17 -78 217 142 -41 -23 -122 106 -49 -212 234 -94 149 136 233 -135 168 -167 -241 -230 -107 -25 109 -185 67 163 -80 13 -202 96 -104 195 -100 -191 200 235 108 46 205 -205 186 -235 -215 41 -182 191 -56 160 -48 16 -126 2 121 0 152 12 162 36 53 92 -81 -221 -161 190 -121 240 65 14 -18 97 -31 50 -237 227 27 -65 114 -47 -37 236 -113 -128 -63 38 132 24 45 -164 -3 144 -179 -64 -123 -236 51 118 87 247 -210 155 -207 172 -42 146 85 119 -238 -151 -211 150 141 48 -186 224 226 192 -132 -204 -220 1 -227 165 -228 18 58 -217 148 166 54 -112 -75 -154 112 -129 -84 99 62 -85 127 -30 -163 196 -147 187 -193 49 -89 28 -189 101 -242 157 21 210 179 212 -95 209 126 110 -101 143 239 -190 90 -117 -120 -55 -51 153 -172 -9 231 78 72 -8 -181 -134 194 230 175 76 -110 228 197 11 107 -130 -138 -249 215 5 -170 -177 71 82 -66 123 -239 31 20 -26 8 -143 113 185 -250 -119 -36 
TEST 46 ARG:-248 -72 174 -199 180 -234 -225 74 -140 -188 147 -214 211 -57 -67 -111 104 -174 34 37 26 83 -22 178 -142 -2 80 15 -118 220 33 241 232 63 238 120 199 -53 7 103 -116 40 151 222 -103 -183 216 111 -12 -21 -71 208 245 98 102 84 -1 177 -168 167 100 -46 -150 -68 -200 -213 -165 105 -61 55 145 -109 95 3 -159 171 115 243 -198 139 221 176 60 -92 184 -98 -7 -144 -176 -223 158 -86 -97 -115 -28 43 225 213 -14 137 -155 -125 182 22 246 -243 -171 -102 -184 -224 135 89 -231 -34 219 69 -6 47 -50 218 -197 -203 188 57 -82 169 9 -38 -62 -162 164 25 -131 -59 203 -148 207 -192 181 -45 -105 -93 -232 -133 -229 81 -169 -175 79 -58 128 204 237 -178 249 -245 -40 130 159 -20 -208 -240 86 124 93 -11 -246 -201 35 -54 73 154 17 -99 68 133 -195 170 42 134 -124 -24 -76 -90 201 -32 64 -96 6 -244 -19 75 94 23 116 -196 -29 173 4 -152 -73 -149 56 -218 -233 -44 248 140 125 -108 202 -137 -15 214 -4 19 129 -194 -146 -173 -35 -141 244 -156 -16 30 223 59 -88 131 206 -33 -77 242 -209 -74 229 -10 29 -69 138 161 44 -5 -87 -39 -153 66 -106 193 -27 -70 70 117 -247 -43 -13 -83 156 -160 -114 -127 -136 32 91 -145 -187 -158 39 -226 -60 61 -222 -206 -157 88 -139 -79 -216 122 183 189 -166 -180 -91 10 52 -219 198 -52 77 -17 -78 217 142 -41 -23 -122 106 -49 -212 234 -94 149 136 233 -135 168 -167 -241 -230 -107 -25 109 -185 67 163 -80 13 -202 96 -104 195 -100 -191 200 235 108 46 205 -205 186 -235 -215 41 -182 191 -56 160 -48 16 -126 2 121 0 152 12 162 36 53 92 -81 -221 -161 190 -121 240 65 14 -18 97 -31 50 -237 227 27 -65 114 -47 -37 236 -113 -128 -63 38 132 24 45 -164 -3 144 -179 -64 -123 -236 51 118 87 247 -210 155 -207 172 -42 146 85 119 -238 -151 -211 150 141 48 -186 224 226 192 -132 -204 -220 1 -227 165 -228 18 58 -217 148 166 54 -112 -75 -154 112 -129 -84 99 62 -85 127 -30 -163 196 -147 187 -193 49 -89 28 -189 101 -242 157 21 210 179 212 -95 209 126 110 -101 143 239 -190 90 -117 -120 -55 -51 153 -172 -9 231 78 72 -8 -181 -134 194 230 175 76 -110 228 197 11 107 -130 -138 -249 215 5 -170 -177 71 82 -66 123 -239 31 20 -26 8 -143 113 185 -250 -119 -36 
